"Reference","Qty","Value","DNP","Exclude from BOM","Exclude from Board","Footprint","Datasheet","Manufacturer_Name","Manufacturer_Part_Number","Mouser Part Number","Mouser Price/Stock","Selection_Basis","Description","DigiKey_Part_Number","DigiKey_URL","Procurement_Status","Sourcing_Snapshot","Mouser_URL"
"C1,C2,C4,C5,C7,C8,C10,C11,C12,C13,C14,C15","12","220n","","","","","https://product.tdk.com/en/search/capacitor/ceramic/mlcc/info?part_no=C1608X7R1H224K080AB","TDK","C1608X7R1H224K080AB","","","PWR-005: 220nF at each VCL/VSS pair per Renesas QDG Rev1.10 section1.2; TDK 50V X7R +/-10% production part. Nominal bias curve only; PDN qualification remains open.","","445-7408-1-ND","https://www.digikey.com/en/products/detail/tdk-corporation/C1608X7R1H224K080AB/2732843","Selected for prototype VCL bypass; PWR-005. PCB/PDN qualification deferred.","2026-09-08 DigiKey: 82010 in stock; USD0.17/0.098/0.06030 at qty1/10/100; 24wk; unreserved. TDK Production.",""
"C3","1","22u","","","","","https://search.murata.co.jp/Ceramy/image/img/A01X/G101/ENG/GRM31CR70J226KE19-01CA.pdf","Murata Electronics","GRM31CR70J226KE19L","","","Renesas Quick Design Guide Table3 recommended family; 22uF +/-10% 6.3V X7R; effective capacitance and lifecycle approval pending","","490-6515-1-ND","https://www.digikey.com/en/products/detail/murata-electronics/GRM31CR70J226KE19L/3845712","Candidate - validate DC bias, temperature and lifecycle before release","2026-09-05 DigiKey indexed stock110912; Active;17wk;USD1:1.00,10:0.636,100:0.4468",""
"C6,C16,C17,C18,C19,C20,C21,C22,C23,C24,C25,C26,C27,C28,C29,C30,C31,C32,C33,C34,C39,C40,C44,C45,C48,C49,C50,C51,C53,C54,C97,C98,C104,C105,C106,C107,C113,C114","38","100n","","","","","https://product.tdk.com/en/search/capacitor/ceramic/mlcc/info?part_no=C1608X7R1H104K080AA","TDK","C1608X7R1H104K080AA","","","100 nF +/-10%, 50 V X7R. +3V3_MCU bypass. TDK nominal DC-bias curve: interpolated 99.45 nF at 3.3 V; reference data, not guaranteed minimum. See PWR-001 design/power_decoupling.md.,RADIO-011: U6 VDD 100nF ceramic bypass per TI TPS3890 section 6; upstream +3V3_MCU, not switched load. Exact TDK nominal DC-bias screening is recorded in PWR-001; PDN/transient qualification remains open.,RADIO-015: U7 local 100nF bypass on upstream +3V3_MCU. Reuse PWR-001 exact TDK nominal DC-bias calculation. Not switched-radio capacitance; PDN and reset qualification remain open.,RADIO-016: U8 local 100nF bypass on upstream +3V3_MCU. Reuse PWR-001 exact TDK nominal DC-bias calculation. Not switched-radio capacitance; PDN qualification remains open.,Renesas QDG Table 1 p.6: VCC_USB bypass 100 nF. 50 V X7R +/-10%; TDK nominal DC-bias curve 99.45 nF at 3.3 V. USB-002 and PWR-001 engineering records.,Renesas QDG Table 2: AVCC_MIPI 100 nF bypass. 50 V X7R +/-10%; TDK nominal DC-bias curve: 99.45 nF at 3.3 V (interpolated reference, not guaranteed minimum). PWR-001 design/power_decoupling.md.","100 nF USB full-speed VCC_USB bypass, U1.U17 to VSS_USB/GND. Renesas QDG Table 1, p.6; TDK C1608X7R1H104K080AA. Nominal DC-bias screened; final rail and PDN qualification open.,TDK C1608X7R1H104K080AA; 100 nF +/-10%, 50 V X7R. MIPI AVCC bypass per Renesas QDG Table 2. Nominal DC-bias screened; final rail and PDN qualification open.,TDK C1608X7R1H104K080AA; 100 nF, 50 V, X7R, +/-10%; U2 TPS3890 VDD bypass, RST-002. Nominal bias screening PWR-001; installed PDN qualification required.,TDK C1608X7R1H104K080AA; 100 nF, 50 V, X7R, +/-10%; U25 local supply-to-GND bypass. Actual transient performance requires qualification.,TDK C1608X7R1H104K080AA; 100 nF, 50 V, X7R, +/-10%; U3 supply bypass. RADIO-002 and PWR-001; bulk capacitance and transient validation remain required.,TDK C1608X7R1H104K080AA; 100 nF, 50 V, X7R, +/-10%; U5 VCCA local bypass to GND. RADIO-009; actual transient performance requires qualification.,TDK C1608X7R1H104K080AA; 100 nF, 50 V, X7R, +/-10%; U5 VCCB local bypass to GND. RADIO-009; actual transient performance requires qualification.,TDK C1608X7R1H104K080AA; 100 nF, 50 V, X7R, +/-10%; U6 VDD local bypass to GND on upstream +3V3_MCU. TI TPS3890 section 6 recommends 0.1uF. RADIO-011; actual transient performance requires qualification.,TDK C1608X7R1H104K080AA; 100 nF, 50 V, X7R, +/-10%; microSD local bypass. See ../design/microsd_power_interface.md; installed PDN and collapse qualification required.,TDK C1608X7R1H104K080AA; 100nF 50V X7R 10%. RADIO-015 local U7 MCU-rail bypass; nominal bias calculation PWR-001.,TDK C1608X7R1H104K080AA; 100nF 50V X7R 10%. RADIO-016 local U8 MCU-rail bypass; nominal bias calculation PWR-001.","445-1314-1-ND","https://www.digikey.com/en/products/detail/tdk-corporation/C1608X7R1H104K080AA/513811","Selected - nominal DC-bias screened; final rail and PDN qualification open","2026-09-05: TDK Production; DigiKey Active, 374087 in stock, 24 weeks; USD 1:0.11, 10:0.06, 100:0.0359.,2026-09-12: DigiKey Active, 329450 in stock; USD 1:0.11, 10:0.060, 100:0.0359; unreserved snapshot. See microsd_power_interface.md.",""
"C9","1","47u","","","","","","","","","","Do not approve GRM32ER70J476KE20L solely from Renesas example: Mouser EOL flag; replacement and bias qualification required","","","","HOLD - exact 47uF MPN not approved; resolve reference-part lifecycle and effective capacitance","2026-09-05 live Mouser search: GRM32ER70J476KE20L stock7034, End of Life; DigiKey indexed stock0 Active (conflict)",""
"C35,C36","2","8p","","","","","https://product.tdk.com/en/search/capacitor/ceramic/mlcc/info?part_no=C1005NP01H080D050BA","TDK","C1005NP01H080D050BA","","","8pF +/-0.5pF, 50V NP0, 0402. Initial load network per RA8P1 Group10; 8pF/2 + estimated 2pF stray = 6pF. Board matching required.","C0G/NP0, 50V, +/-0.5pF; exact MPN sourcing pending; RA8P1 Group10 initial load value","445-13781-1-ND","https://www.digikey.com/en/products/detail/tdk/C1005NP01H080D050BA/3951017","Selected for schematic - final load tuning on PCB required","2026-09-05 indexed: stock 73746; Active; USD CT 1:0.11 / 10:0.058 / 100:0.0341; 24wk lead; recheck before order",""
"C37,C38","2","4p","","","","","https://product.tdk.com/en/search/capacitor/ceramic/mlcc/info?part_no=C1005NP01H040C050BA","TDK","C1005NP01H040C050BA","","","4pF +/-0.25pF NP0 50V; RTC initial matching; CLK-002; stray unmeasured","TDK C1005NP01H040C050BA; 4pF +/-0.25pF; NP0 50V; RTC initial matching; CLK-002","445-13777-1-ND","https://www.digikey.com/en/products/detail/tdk/C1005NP01H040C050BA/3955443","Selected for initial matching - board qualification required","2026-09-05 indexed stock 7795; USD 1:0.10,10:0.057,100:0.0335; recheck before order",""
"C41","1","10n","","","","","https://product.tdk.com/en/search/capacitor/ceramic/mlcc/info?part_no=C1608X7R1H103K080AA","TDK","C1608X7R1H103K080AA","","","Renesas QDG Table 1 p.6: 10 nF ceramic at U1.H15. 50 V X7R +/-10%; initial 9..11 nF. USB-003.","10 nF USB-HS VCC_USBHS local bypass, U1.H15 to VSS1/VSS2_USBHS. Renesas QDG Table 1 p.6; see USB-003 in design/usb_interface.md.","445-1311-1-ND","https://www.digikey.com/en/products/detail/tdk/C1608X7R1H103K080AA/567691","Selected - nominal DC-bias screened; final rail and PDN qualification open","2026-09-05: TDK Production; DigiKey Active, 512826 stock, 24 weeks; USD 1:0.10, 10:0.055, 100:0.0323.",""
"C42","1","47u 6.3V","","","","","https://industrial.panasonic.com/ww/products/pt/aluminum-cap-smd/models/EEEFP0J470AR","Panasonic Industry","EEE-FP0J470AR","","","USB-003; Renesas QDG Table 1 p.6: 47 uF electrolytic VCC_USBHS bypass. 6.3 V +/-20%, 0.36 ohm max ESR at 100 kHz/20 C; 240 mArms at 100 kHz/105 C.","47 uF +/-20% polarized aluminum electrolytic, USB-HS bulk bypass. Positive to 3V3, negative to GND. Panasonic EEE-FP0J470AR; USB-003.","PCE4511CT-ND","https://www.digikey.com/en/products/detail/panasonic-industry/EEE-FP0J470AR/1701010","Selected - initial bulk bypass; final rail, ripple and lifetime qualification open","2026-09-05: DigiKey Active, 11266 stock, 37 weeks; USD 1:0.65, 10:0.408, 100:0.2699.",""
"C43,C46,C47","3","10u","","","","","https://product.tdk.com/en/search/capacitor/ceramic/mlcc/info?part_no=C3216X7R1V106K160AC","TDK","C3216X7R1V106K160AC","","","RADIO-002: 10uF nominal local bulk bypass; 35V X7R +/-10%; exact nominal bias curve 9.644uF at 3.3V, not guaranteed minimum. Supply impedance and transmit transient qualification remain open.,RADIO-005: U4 VIN bypass; TI section 11 recommends 1uF in most applications with more bulk for slow sources. 10uF nominal; TDK curve 9.644uF at 3.3V, not a guaranteed minimum or transient sign-off.,USB-004: QDG Table 2 10uF analog bypass; 35V X7R +/-10%; exact nominal bias curve 9.644uF at 3.3V, not guaranteed minimum.","TDK C3216X7R1V106K160AC; 10 uF +/-10%, 35 V X7R USB-HS analog supply bypass after FB1. QDG Table 2 p.7; USB-004.,TDK C3216X7R1V106K160AC; 10 uF +/-10%, 35 V X7R; U3 local bulk bypass. RADIO-002: nominal value, not guaranteed effective capacitance; supply transient qualification required.,TDK C3216X7R1V106K160AC; 10 uF +/-10%, 35 V X7R; U4 VIN local input bypass. RADIO-005: nominal capacitance only; upstream regulator and transient qualification required.","445-14799-1-ND","https://www.digikey.com/en/products/detail/tdk/C3216X7R1V106K160AC/3956465","Selected - initial screening; regulator/transient qualification open","2026-09-05: TDK Production; DigiKey Active, 11670 stock, 24 weeks; USD 0.68/0.424/0.2903 at 1/10/100.",""
"C52","1","1n","","","","","https://product.tdk.com/en/search/capacitor/ceramic/mlcc/info?part_no=C1608NP01H102J080AA","TDK","C1608NP01H102J080AA","","","RADIO-012: U6 CT-to-GND, 1nF NP0 50V +/-5%, +/-30ppm/C. Nominal delay = C*1.23V/1.15uA + 25us. Charge-time corner screen includes capacitor tolerance, 100C excursion and allocated 10nA leakage; full sequencing remains open.","TDK C1608NP01H102J080AA; 1nF +/-5%, 50V NP0; U6 CT-to-GND reset-release delay capacitor. RADIO-012 charge-time calculation; full reset sequencing remains open.","445-14055-1-ND","https://www.digikey.com/en/products/detail/tdk/C1608NP01H102J080AA/3955721","Selected - reset-release charge-time screen; final reset and power-state qualification open; footprint deferred.","2026-09-05: TDK Production; DigiKey Active, 27277 stock, 24 weeks; USD 0.22/0.125/0.078 at 1/10/100. Recheck before ordering.",""
"C55,C56,C62,C67,C72","5","100n","","","","","https://product.tdk.com/en/search/capacitor/ceramic/mlcc/info?part_no=C1608X7R1H104K080AA","TDK","C1608X7R1H104K080AA","","","BTN-002/003: PB input filter with 1k switch series resistor and 10k pullup; hardware ONT debounce remains internal. See design/single_button_power.md; 100nF nominal, qualify tolerance/bias/ESD transients.,BTN-002: U9 local VIN bypass; ADI 2954fb pin1 requires local 0.1uF. Reuse PWR-001 part; effective-capacitance and final source-rail transient qualification pending.,SYS-007 revised: 100nF local bypass from U10 VIN1 directly on raw SYS_AON to GND2. R31 is downstream of U10 VOUT; this capacitor is not held-reservoir capacitance. 50V X7R +/-10%; qualify effective capacitance and source transients. Full held-supply calculation: ../design/system_power_design.md SYS-007.,SYS-007: 100nF local bypass U11 VDD6 AON_HOLD to GND2, per TI TPS3808 application guidance. 50V X7R +/-10%; initial 90..110nF; effective capacitance/placement require qualification. Not a CT timing capacitor or reservoir contribution.,SYS-007: 100nF local bypass U12 VCC5 AON_HOLD to GND3; 50V X7R TDK reuse. Place adjacent to inverter supply pins. Effective capacitance and control transient reserve require qualification; ../design/system_power_design.md SYS-007.","TDK C1608X7R1H104K080AA; 100nF 50V X7R 10%; U9 PB input noise filter, BTN-002/003 in single_button_power.md.,TDK C1608X7R1H104K080AA; 100nF 50V X7R 10%; U9 local VIN bypass, BTN-002.,TDK C1608X7R1H104K080AA; 100nF, 50V, X7R, +/-10%; TPS3808G01 held-supply local bypass.,TDK C1608X7R1H104K080AA; 100nF, 50V, X7R, +/-10%; U10 VIN local bypass, SYS-007.","445-1314-1-ND","https://www.digikey.com/en/products/detail/tdk-corporation/C1608X7R1H104K080AA/513811","Selected reuse candidate; final source-rail effective capacitance and transient qualification pending; footprint deferred.","2026-09-07: DigiKey372402 USD0.11/0.06/0.03590; Mouser1180909 USD0.11/0.042/0.036 at1/10/100. Recheck before order.",""
"C57","1","1u","","","","","https://product.tdk.com/en/search/capacitor/ceramic/mlcc/info?part_no=C2012X7R1E105K125AB","TDK","C2012X7R1E105K125AB","","","BTN-004: t_force_nom = 65ms + C[uF]/1.56e-4 = 6475.256ms. C tolerance/temp-only 0.765..1.265uF -> 4.969..8.174s with nominal IC equation; excludes IC spread, DC bias, aging and leakage. Full Python-checked math: ../design/single_button_power.md.","TDK C2012X7R1E105K125AB; 1uF 25V X7R 10% 0805; U9 PDT hardware forced-off delay. BTN-004.","445-1354-1-ND","https://www.digikey.com/en/products/detail/tdk/C2012X7R1E105K125AB/513887","Selected timing candidate; recovery-time corners require IC/capacitor qualification; footprint deferred.","2026-09-07: DigiKey stock 33852; USD 0.23/0.13/0.0814 at 1/10/100; recheck before order.",""
"C58,C59,C60,C61","4","100n","","","","","https://product.tdk.com/en/search/capacitor/ceramic/mlcc/info?part_no=C1608X7R1H104K080AA","TDK","C1608X7R1H104K080AA","","","CMS-009: 100nF with 10k pull-up and 1k series; nominal RC assert/release 0.193/1.514ms. Tolerance/temperature-only capacitance screen 76.5..126.5nF; DC bias and aging require qualification. RC is noise filtering, not full debounce: firmware requires 20ms continuously stable state. See ../design/camera_storage_interfaces.md CMS-009.","TDK C1608X7R1H104K080AA; 100nF 50V X7R 10%, direct-key MCU-side noise filter; CMS-009.","445-1314-1-ND","https://www.digikey.com/en/products/detail/tdk-corporation/C1608X7R1H104K080AA/513811","Selected electrical candidate; source snapshot checked; effective capacitance and physical ESD response require qualification; footprint deferred.","2026-09-07: DigiKey372402 USD0.11/0.06/0.03590; Mouser1180909 USD0.11/0.042/0.036 at1/10/100. Recheck before order.",""
"C63,C64,C65,C66","4","100u","","","","","https://content.kemet.com/datasheets/KEM_T2005_T491.pdf","KEMET","T491D107K010AT","","","SYS-007 revised: four parallel 100uF/10V tantalum capacitors after R31. Cmin=400uF*0.9^3=291.6uF. Icontrol<=1.125mA plus 0.817mA pre-trip reverse allowance; initial Vhold=Vtrip_min-max(0.250V,Icontrol*102.24ohm)=3.013705831V. With combined <=1uC transition/initial-undershoot reserve, hold to 2.7V=46.589403ms. Qualification allocations, not measured guarantees; include raw VIN=0 and slow/floating-source collapse. Full math: ../design/system_power_design.md SYS-007.","SYS-007: KEMET 100uF, 10V, +/-10% tantalum reservoir; positive terminal to AON_HOLD.","399-3769-1-ND","https://www.digikey.com/en/products/detail/kemet/T491D107K010AT/818629","Selected electrical candidate; held-supply leakage, temperature and source-collapse qualification pending; footprint deferred.","2026-09-07: DigiKey Active, stock 11863; USD 1.64/1.09/0.8033 at 1/10/100; 20wk lead; recheck before ordering.",""
"C68","1","1n","","","","","https://product.tdk.com/en/search/capacitor/ceramic/mlcc/info?part_no=C1608NP01H102J080AA","TDK","C1608NP01H102J080AA","","","SYS-007: SENSE-to-GND 1nF C0G filter; nominal (732k||100k)*1n=87.980769us. Included in <=10ms source-detection/control allocation; actual fault response requires qualification. 50V, +/-5%; IR minimum 10Gohm.","TDK C1608NP01H102J080AA; 1nF +/-5%, 50V NP0; source supervisor SENSE filter to GND.","445-14055-1-ND","https://www.digikey.com/en/products/detail/tdk/C1608NP01H102J080AA/3955721","Production; in stock; recheck before purchase","2026-09-07 DigiKey: 27277 in stock; USD 0.22/0.125/0.078 at 1/10/100.",""
"C69,C70,C71,C110","4","100n","","","","","https://www.mouser.com/datasheet/2/281/1/GRM31C5C1H104JA01_01A-1987788.pdf,https://www.mouser.com/datasheet/3/76/1/GRM31C5C1H104JA01-01A.pdf","Murata Electronics","GRM31C5C1H104JA01K","","","CMS-013: SET ramp capacitor. Conditional Cmin=94.715nF and I/C=0.001078V/us with 102uA plus 100nA allocation; this is not an instantaneous OUT-slew guarantee. Cold-temperature table and installed startup/leakage qualification: design/camera_storage_interfaces.md.,SYS-007: three parallel 100nF C0G CT-to-GND; C initial/temperature envelope 284.145..316.827nF (Murata cold Table A +0.58%). TI nominal delay 300/175+0.0005=1.714786s. Proportional IC model minimum 0.974511s is not a guaranteed limit; require qualified hold >=0.90s. No X7R substitution.","Murata GRM31C5C1H104JA01K; 100nF +/-5%, 50V C0G; source-qualification CT bank.,Murata GRM31C5C1H104JA01K; 100nF, +/-5%, 50V C0G, 1206. LT3042 SET capacitor for MIPI host 1.8V supply; CMS-013 ramp model and qualification apply.","490-8335-1-ND","https://www.digikey.com/en/products/detail/murata-electronics/GRM31C5C1H104JA01K/2548138","In stock; recheck before purchase","2026-09-07 DigiKey: 70095 in stock; USD 0.52/0.316/0.2112 at 1/10/100.,2026-09-12 DigiKey Active; 68175 stock; 17wk; USD 0.52/0.316/0.2112 at qty1/10/100. Unreserved snapshot; recheck before purchase. CMS-013.",""
"C73,C102","2","10u","","","","","https://product.tdk.com/system/files/dam/doc/product/capacitor/ceramic/mlcc/charasheet/c3216x7r1v106k160ac.pdf","TDK Corporation","C3216X7R1V106K160AC","","","MicroSD input bulk on +3V3_MCU; included in 10.6 uF nominal additional main-rail capacitance. Verify bias derating, input ripple, inrush and PDN stability per ../design/microsd_power_interface.md.,PWR-004: retained local 10uF PVIN input bypass in parallel with C96 22uF; 35V X7R 10%; qualify installed effective capacitance, input ripple and transient voltage. Not part of main-output capacitor inventory.","10uF 35V X7R 10%; input bypass; effective capacitance qualification required,TDK C3216X7R1V106K160AC; 10 uF, 35 V, X7R, +/-10%; microSD load-switch input bulk bypass. Effective capacitance and installed PDN qualification required; see ../design/microsd_power_interface.md.","445-14799-1-ND","https://www.digikey.com/en/products/detail/tdk/C3216X7R1V106K160AC/3956465","Sourced candidate; electrical qualification pending; footprint deferred","2026-09-08; DigiKey stock 9358; USD qty1 0.68000; qty10 0.42400; qty100 0.29030,2026-09-12: DigiKey Active; 50 in stock; USD 1:0.68, 10:0.424, 100:0.2903. Unreserved snapshot; 100-piece price is not available-stock quantity. See microsd_power_interface.md.",""
"C74,C75,C94,C96,C103,C108,C109","7","22u","","","","","https://product.samsungsem.com/mlcc/CL32B226MOJNNN.do","Samsung Electro-Mechanics","CL32B226MOJNNNE","","","CMS-013: LT3042 input/output bypass. Conditional 22uF*0.8*0.85*0.60=8.976uF exceeds 4.7uF; 60% bias retention is an allocation requiring installed verification. See design/camera_storage_interfaces.md.,MicroSD VDD_SD output bulk: 22.1 uF nominal board island including local 100 nF. Discharge model permits <=40.4865 uF total including card under stated tolerance, leakage and cutoff assumptions; see ../design/microsd_power_interface.md.,PWR-006: 22uF 20% 16V X7R 1210. C74/C75/C94 output; C96 input. Effective C/bias/aging qualification in design/main_regulator_tps63806.md.","22uF 20% 16V X7R 1210 MLCC; effective capacitance qualification required,Samsung CL32B226MOJNNNE; 22 uF, 16 V, X7R, +/-20%; microSD switched-rail bulk capacitor. Effective capacitance, inrush and discharge qualification required; see ../design/microsd_power_interface.md.,Samsung CL32B226MOJNNNE; 22uF, 16V, X7R, +/-20%, 1210. LT3042 MIPI rail bypass; CMS-013 effective-capacitance model and installed qualification apply.","1276-3395-1-ND","https://www.digikey.com/en/products/detail/samsung-electro-mechanics/CL32B226MOJNNNE/3891481","Selected; effective capacitance qualification required; footprint deferred","2026-09-08 DigiKey: 162775 stock; USD 0.52/0.318/0.2122 at 1/10/100; unreserved; shipping/tax excluded,2026-09-12: DigiKey Active; 162494 in stock; USD 1:0.52, 10:0.318, 100:0.2122. Unreserved snapshot; see microsd_power_interface.md.",""
"C76,C77,C78,C79,C80,C81,C82,C83,C84,C85,C86,C87","12","100n","","","","","https://product.tdk.com/system/files/dam/doc/product/capacitor/ceramic/mlcc/catalog/mlcc_commercial_general_en.pdf","TDK","C1608X7R1H104K080AA","","","CMS-010; one local bypass per VDD/VDDQ pin; effective capacitance and PDN qualification pending","100 nF, 50 V, +/-10%, X7R MLCC; 0603 candidate","445-1314-1-ND","https://www.digikey.com/en/products/detail/tdk-corporation/C1608X7R1H104K080AA/513811","Sourced candidate; CMS-010 qualification pending; footprint deferred","2026-09-08; DigiKey stock 372402; USD qty1 0.11000; qty10 0.06000; qty100 0.03590",""
"C88","1","10u","","","","","https://product.tdk.com/system/files/dam/doc/product/capacitor/ceramic/mlcc/catalog/mlcc_commercial_general_en.pdf","TDK","C3216X7R1V106K160AC","","","CMS-010; local bulk on shared SDRAM VDD/VDDQ rail; effective capacitance and PDN qualification pending","10 uF, 35 V, +/-10%, X7R MLCC; 1206 candidate","445-14799-1-ND","https://www.digikey.com/en/products/detail/tdk/C3216X7R1V106K160AC/3956465","Sourced candidate; CMS-010 qualification pending; footprint deferred","2026-09-08; DigiKey stock 9358; USD qty1 0.68000; qty10 0.42400; qty100 0.29030",""
"C89,C90,C91","3","100n","","","","","https://product.tdk.com/system/files/dam/doc/product/capacitor/ceramic/mlcc/catalog/mlcc_commercial_general_en.pdf","TDK","C1608X7R1H104K080AA","","","CMS-011; one local 100 nF bypass per VCC/VCCQ supply ball; effective capacitance and PDN qualification pending","100 nF, 50 V, +/-10%, X7R MLCC; 0603 candidate","445-1314-1-ND","https://www.digikey.com/en/products/detail/tdk-corporation/C1608X7R1H104K080AA/513811","Sourced candidate; CMS-011 qualification pending; footprint deferred","2026-09-08; DigiKey stock 372402; USD qty1 0.11000; qty10 0.06000; qty100 0.03590",""
"C92","1","10u","","","","","https://product.tdk.com/system/files/dam/doc/product/capacitor/ceramic/mlcc/catalog/mlcc_commercial_general_en.pdf","TDK","C3216X7R1V106K160AC","","","CMS-011; local bulk on shared NOR VCC/VCCQ rail; 3 x 100 nF + 10 uF = 10.3 uF nominal; effective capacitance and PDN qualification pending","10 uF, 35 V, +/-10%, X7R MLCC; 1206 candidate","445-14799-1-ND","https://www.digikey.com/en/products/detail/tdk/C3216X7R1V106K160AC/3956465","Sourced candidate; CMS-011 qualification pending; footprint deferred","2026-09-08; DigiKey stock 9358; USD qty1 0.68000; qty10 0.42400; qty100 0.29030",""
"C93,C101","2","100n","","","","","https://product.tdk.com/system/files/dam/doc/product/capacitor/ceramic/mlcc/catalog/mlcc_commercial_general_en.pdf","TDK","C1608X7R1H104K080AA","","","PWR-004: local 100nF U16 VCC5-to-GND3 bypass on raw SYS_AON. Keep local to the buffer; not part of main output or held reservoir capacitance. See ../design/main_regulator_ltc3119.md.,PWR-006: local 100nF VIN A2/A3-to-GND bypass; not main-output capacitance. TDK 50V X7R 10%; installed effective capacitance qualification required. See design/main_regulator_tps63806.md.","100 nF, 50 V, +/-10%, X7R MLCC; 0603 candidate","445-1314-1-ND","https://www.digikey.com/en/products/detail/tdk-corporation/C1608X7R1H104K080AA/513811","Sourced candidate; PWR-004 installed electrical qualification pending; footprint deferred","2026-09-08; DigiKey stock 372402; USD qty1 0.11000; qty10 0.06000; qty100 0.03590",""
"C95","1","10n","","","","","https://product.tdk.com/en/search/capacitor/ceramic/mlcc/info?part_no=C1608C0G1H103J080AA","TDK","C1608C0G1H103J080AA","","","RST-002: 10n C0G 5%, 30ppm/C, 100C and 10nA external CT leakage allocation yield 8.148276..15.264758ms charge interval; not total IC delay maximum. See design/reset_coordination_tps3890.md.","10n 50V 5% C0G 0603 reset-delay capacitor; RST-002","445-7404-1-ND","https://www.digikey.com/en/products/detail/tdk-corporation/C1608C0G1H103J080AA/2732839","Selected for conditional startup delay; CT leakage and reset qualification pending; footprint deferred.","2026-09-08 DigiKey: 24965 stock; USD 0.24/0.141/0.0886 at 1/10/100; unreserved, recheck before order.",""
"C99,C100","2","150u","","","","","https://industrial.panasonic.com/cdbs/www-data/pdf/ABE0000/ast-ind-199072.pdf","Panasonic","EEF-JX0J151RF","","","PWR-004: one of two 150uF output bulk capacitors; 94.5uA initial leakage allowance each; 3000h/125C endurance; capacitance condition limits and ripple derating included in engineering record; not an installed guarantee.","150uF +/-20% 6.3V conductive-polymer capacitor; 15mOhm ESR at 100kHz/20C; 5V category voltage at 125C","10-EEF-JX0J151RFCT-ND","https://www.digikey.com/en/products/detail/panasonic-electronic-components/EEF-JX0J151RF/16718126","Sourced candidate; PWR-004 installed loop, leakage, endurance and thermal qualification pending; footprint deferred","2026-09-08; DigiKey stock 9329; USD qty1 3.96; qty10 2.645; unreserved",""
"C111","1","100n","","","","","https://product.tdk.com/en/search/capacitor/ceramic/mlcc/info?part_no=C1608X7R1H104K080AA","TDK","C1608X7R1H104K080AA","","","CMS-013: RA8P1 QDG Rev.1.10 Table 1 specifies 100 nF local VCC18_MIPI R2 bypass to VSS_MIPI. 50 V X7R +/-10%; local 1.8 V rail bypass, separate from U23 SET capacitor. Installed capacitance and PDN qualification remain open.","TDK C1608X7R1H104K080AA; 100 nF +/-10%, 50 V X7R. Local VCC18_MIPI R2 bypass per RA8P1 QDG Rev.1.10 Table 1; CMS-013. Installed capacitance and PDN qualification remain open.","445-1314-1-ND","https://www.digikey.com/en/products/detail/tdk-corporation/C1608X7R1H104K080AA/513811","Selected - installed capacitance and PDN qualification open; historical sourcing snapshot, recheck before purchase","2026-09-05: TDK Production; DigiKey Active, 374087 in stock, 24 weeks; USD 1:0.11, 10:0.06, 100:0.0359.",""
"C112","1","100n","","","","","https://product.tdk.com/en/search/capacitor/ceramic/mlcc/info?part_no=C1608X7R1H104K080AA","TDK Corporation","C1608X7R1H104K080AA","","","U24 local bypass: 100nF nominal, 10%, 50V X7R, 0603; reuse selected C111 part. Connect across U24 VCC and GND per TI bypass guidance. Effective capacitance under bias, temperature and aging, placement inductance and supply transients require qualification. See ../design/camera_storage_interfaces.md.","Unpolarized capacitor","445-1314-1-ND","https://www.digikey.com/en/products/detail/tdk/C1608X7R1H104K080AA/513811","DigiKey lists Active and stocked 2026-09-12. TDK direct retrieval unavailable at sourcing refresh; effective capacitance and footprint qualification deferred.","2026-09-12 DigiKey US: Active, 329450 in stock; USD 0.11 / 0.06 / 0.0359 at qty 1 / 10 / 100; 24-week lead. Unreserved; excludes tax/shipping; recheck before purchase.",""
"D1,D2,D3,D4,D5","5","ESD441DPYR","","","","","https://www.ti.com/lit/ds/symlink/esd441.pdf","Texas Instruments","ESD441DPYR","","","BTN-010: DPY IO1/GND2, leakage <100nA over +/-5.5V and operating temperature; fits 12uA PB allocation. TI RevB pp1/3/6. Typical DPY +8.2V/-3.8V at16A TLP; board residual transient and R19 pulse qualification required. No generic diode model.,CMS-009: DPY IO1/GND2; leakage <100nA across temperature within +/-5.5V stand-off. Ground-only clamp avoids a supply-rail back-power path. Asymmetric dynamic clamp is NOT a 3.3V limiter; residual MCU waveform, resistor pulse stress and physical ESD return require qualification. See ../design/camera_storage_interfaces.md CMS-009; TI SLVSH26B sections 5.6 and 7.2.","TI ESD441DPYR; IO1/GND2, +/-5.5V stand-off asymmetric ESD protector at exposed direct-key node before 1k series resistor; CMS-009.,TI ESD441DPYR; IO1/GND2; +/-5.5V stand-off; asymmetric ESD clamp. TI functional glyph, not a generic zener simulation model. BTN-010.","296-ESD441DPYRCT-ND","https://www.digikey.com/en/products/detail/texas-instruments/ESD441DPYR/28715599","Selected protection candidate; DC/leakage screen checked; assembly and system ESD qualification pending. No validated simulation model; project is not simulation-qualified.","2026-09-07: DigiKey stock 3273; USD 0.34/0.207/0.1291 at 1/10/100; recheck before order.",""
"D6","1","ESD441DPYR","","","","","https://www.ti.com/lit/ds/symlink/esd441.pdf","Texas Instruments","ESD441DPYR","","","CMS-012: TI SLVSH26C sections 5.4/5.6: recommended VIO 0..5.5V; 5.5V VRWM with IIO<100nA across operating temperature. Leakage 50nA max at 5.5V/25C; CL 1pF typical only. Ground-only clamp; no card-VDD tie. Installed ESD qualification open. See ../design/camera_storage_interfaces.md#cms-012-independent-mechanical-microsd-card-detect.","TI ESD441DPYR; IO1=J2.MP2, GND2; ground-only mechanical card-detect protection. CMS-012. No generic zener simulation model.","296-ESD441DPYRCT-ND","https://www.digikey.com/en/products/detail/texas-instruments/ESD441DPYR/28715599","Selected for mechanical card detect; native SD power/data integrated. Wetting, bounce and installed ESD qualification remain open; footprint deferred.","2026-09-12 DigiKey: Active; 2456 in stock; USD 0.34/0.207/0.1291 at 1/10/100; unreserved; recheck before order.",""
"D7,D8,D9,D10,D11,D12","6","ESD441DPYR","","","","","https://www.ti.com/lit/ds/symlink/esd441.pdf","Texas Instruments","ESD441DPYR","","","TI SLVSH26C: 3.3V SD card-side clamp; IO1/GND2. Recommended VIO 0..5.5V; 5.5V VRWM with IIO<100nA across operating temperature; leakage 50nA max at 5.5V/25C. CL=1pF typical at 0V, 1MHz, 30mVpp/25C; no guaranteed capacitance maximum. Qualify assembled 25/50MHz timing and ESD residuals.","TI ESD441DPYR; IO1=card-side SD signal, GND2; ground-only microSD CMD/DAT/CLK ESD protection. See ../design/microsd_power_interface.md. No generic zener simulation model.","296-ESD441DPYRCT-ND","https://www.digikey.com/en/products/detail/texas-instruments/ESD441DPYR/28715599","Selected for microSD 3.3V card-side bus protection; exact sourcing and pin mapping checked. Installed leakage, 25/50MHz signal integrity and ESD residual qualification pending; footprint deferred.","2026-09-12: DigiKey Active; 2456 in stock; USD 1:0.34, 10:0.207, 100:0.1291. Unreserved snapshot; see microsd_power_interface.md.",""
"FB1","1","120R @100MHz","","","","","https://pim.murata.com/asset/pim4/ferriteBeadInductortypefilter/ENFA0003_PDF_FERRITEBEADINDUCTORTYPEFILTER","Murata Electronics","BLM18PG121SN1D","","","USB-004: 120 ohm +/-25% at 100MHz; DCR max 0.05 ohm initial/0.10 after testing; rated 2A at 85C, 1A at 125C.","Murata BLM18PG121SN1D; USB-HS analog supply isolation. 120 ohm +/-25% at 100 MHz, DCR 0.05 ohm initial max; 2 A at 85 C, 1 A at 125 C. USB-004.","490-1037-1-ND","https://www.digikey.com/en/products/detail/murata-electronics/BLM18PG121SN1D/584248","Selected - initial DC screening; filter and transient qualification open","2026-09-05: Murata In Production; DigiKey Active, 2044638 stock, 29 weeks; USD 0.10/0.062/0.04310 at 1/10/100.",""
"J1","1","Cortex Debug 10-pin","","","","","http://infocenter.arm.com/help/topic/com.arm.doc.ddi0314h/DDI0314H_coresight_components_trm.pdf","","","","","","Cortex Debug Connector, standard ARM Cortex-M SWD and JTAG interface","","","TBD - qualify keyed Cortex 10-pin connector and exact MPN","",""
"J2","1","DM3AT-SF-PEJM5","","","","Connectors:DM3ATSFPEJM5","https://www.hirose.com/product/download/?distributor=chip1&lang=en&num=DM3AT-SF-PEJM5&type=2d","Hirose","DM3AT-SF-PEJM5","798-DM3AT-SF-PEJM5","https://www.mouser.co.uk/ProductDetail/Hirose-Connector/DM3AT-SF-PEJM5?qs=LZSZKJVF%252B2WTDKp%252BR7IYAQ%3D%3D","CMS-003: Hirose EDC-325165-00-00;1 DAT2,2 DAT3,3 CMD,4 VDD,5 CLK,6 VSS,7 DAT0,8 DAT1;MP2/MP4 separate normally-open card detect;MP1/3/5/6 shield. Exact socket pin contract only; incomplete card power and bus circuitry. See ../design/camera_storage_interfaces.md.","microSD push-push socket; MP2=detect B, MP4=detect A; MP1/3/5/6 shield; Hirose EDC-325165-00-00.","HR1964CT-ND","https://www.digikey.com/en/products/detail/hirose-electric-co-ltd/DM3AT-SF-PEJM5/2533566","Active socket; CMS-003 pin map verified; native SD power/data and mechanical detect integrated. Installed card, contact and ESD qualification remain open; footprint deferred.","2026-09-08 DigiKey: 30851 in stock; USD3.55/3.019/2.56560 at1/10/100;16wk lead; unreserved; CMS-003",""
"J3","1","1-1734248-5","","","","","https://www.te.com/commerce/DocumentDelivery/DDEController?Action=srchrtrv&DocFormat=pdf&DocLang=English&DocNm=1734248&DocType=Customer+Drawing&PartCntxt=1-1734248-5","TE Connectivity","1-1734248-5","","","CMS-014: matches Digilent Zybo Z7 D.1 J2 and Pcam 5C pinout. Wurth 686715100001 cable maps host n to module n; 15 contacts, 1mm pitch, 0.30mm flex. Footprint qualification deferred. See ../design/camera_storage_interfaces.md.","Generic connector, single row, 01x15, script generated (kicad-library-utils/schlib/autogen/connector/)","A101418CT-ND","https://www.digikey.com/en/products/detail/te-connectivity-amp-connectors/1-1734248-5/2272380","Active; stocked DigiKey 2026-09-12; footprint and assembly qualification deferred","2026-09-12 DigiKey US: 25233 stock; USD 1.49 / 1.268 / 1.0772 at qty 1 / 10 / 100; 8-week lead time; excludes tax/shipping; stock not reserved.",""
"L1","1","2.2uH","","","","","https://product.tdk.com/en/search/inductor/inductor/smd/info?part_no=SPM5020T-2R2M-LR","TDK","SPM5020T-2R2M-LR","","","Renesas R01AN7883EU0110 Table 3; 2.2uH +/-20%, DCR max 40.7mOhm, rated current 4.6A typical (40C rise), 7A typical (30% inductance loss).","","445-174497-1-ND","https://www.digikey.com/en/products/detail/tdk/SPM5020T-2R2M-LR/5962361","Candidate - reference recommended; validation pending","2026-09-05 indexed: stock 1149; USD CT 1:1.35 / 10:1.111 / 100:0.9134; Active; 15wk lead; recheck before order",""
"L2","1","470n","","","","","https://www.coilcraft.com/en-us/products/power/shielded-inductors/molded-inductor/xgl/xgl5020/xgl5020-471/","Coilcraft","XGL5020-471MEC","","","PWR-006: 0.47uH 20%; incoming screen 0.412..0.518uH plus allocated +/-10% operating change gives 0.3708..0.5698uH. Qualification required; design/main_regulator_tps63806.md.","470nH 20% shielded buck-boost inductor; incoming/current/temperature qualification required","2457-XGL5020-471MEC-ND","https://www.digikey.com/en/products/detail/coilcraft/XGL5020-471MEC/16634589","Selected prototype candidate; incoming and hot/current qualification required; footprint deferred","2026-09-08 DigiKey Marketplace/Coilcraft: 785 available; USD 3.83/3.83/3.345 at 1/10/100; USD10 shipping; approximately4 days; unreserved",""
"Q1,Q2,Q3","3","DMN2056U-7","","","","Package_TO_SOT_SMD:SOT-23","https://www.diodes.com/datasheet/download/DMN2056U.pdf","Diodes Incorporated","DMN2056U-7","","","PWR-004: held POWER_OFF_H drives RUN clamp through its own 1k/1M gate network; G1/S2/D3. Installed RDS(on)<=0.2 ohm is a qualification allocation at VGS>=2.596278V; RUN<=0.939mV against raw buffer high. Keep KILL, discharge and RUN drains separate. See ../design/main_regulator_ltc3119.md.,SYS-007: KILL clamp or main-rail discharge NMOS, G1/S2/D3; VGS 2.596V minimum screen with 1k gate resistor and 1M pulldown. Qualify <=0.2 ohm installed on-resistance, <=1uA gate/board leakage, full action within shared 10ms response. See ../design/system_power_design.md SYS-007.","4A Id, 20V Vds, N-Channel MOSFET, SOT-23","DMN2056U-7DICT-ND","https://www.digikey.com/en/products/detail/diodes-incorporated/DMN2056U-7/7352909","Active; DigiKey stock checked 2026-09-07","2026-09-07: 80160 in stock; USD 0.39/0.238/0.149 at 1/10/100",""
"R1,R2,R3,R4,R5,R8,R9,R10,R11,R14,R15,R16,R17,R18,R20,R21,R27,R28,R29,R30","20","10k","","","","","https://www.yageogroup.com/component-documentation/download/specsheet/RC0603FR-0710KL,https://yageogroup.com/component-documentation/download/specsheet/RC0603FR-0710KL","YAGEO","RC0603FR-0710KL","","","10k 1%, 100mW at 70C, 0603; 3.6V/9.9k=0.364mA and 1.31mW worst nominal-tolerance load. MCU pull-up reference: HUM 21.4 and reset/MD guidance. PCB footprint deferred.,BTN-001/007: 10k to +3V3_MCU with 100k KILL-to-GND. At 3.0..3.6V, resistor tolerance/TC and leakage bounds give KILL high >=2.606319V and low-state sink <=0.379310mA. P903 NMOS open-drain VOL<=0.5V at <=1mA; >=70mV margin to 0.57V KILL falling threshold. See ../design/single_button_power.md.,BTN-003: 10k PB pullup with 1k switch series path; 1% plus 100ppm/C over 100C screen gives 9801..10201 ohm. PB low threshold KCL and minimum contact-current math in ../design/single_button_power.md.,BTN-009: 10k to +3V3_MCU only, not SYS_AON. U9 open-drain INT to P303/B6 IRQ29-DS. VOL<=0.4V yields >=0.20V low margin; Vhigh>=2.918392V and sink<=0.373310mA screen. Full math ../design/single_button_power.md.,CMS-009: 10k pull-up +1k series +100n filter. At 3.0..3.6V, 1% plus 100ppm/C over 100C resistor bounds and 2.2uA leakage allocation: VLOW<0.342V, VHIGH>2.97755V; all four keys held <1.345mA. Disable MCU internal pulls. See ../design/camera_storage_interfaces.md CMS-009.,RADIO-010: C6_CS_N pull-up to switched +3V3_RADIO. Rmax=10201 ohm including 1% tolerance and 1% temperature allocation; 12uA adverse leakage ALLOCATION gives VCS=3.177588V at 3.3V versus VIH=2.475V (25C table). Disable conflicting internal pull-down. All-state leakage and timing qualification open; footprint deferred.,RADIO-010: U5 OE default-low pulldown. Rmax=10201 ohm including 1% tolerance and 1% temperature allocation; 12uA adverse leakage ALLOCATION gives 0.122412V, below 0.17V minimum VT- at the TI 1.1V equal-rail test point. Enabled current nominal 0.330mA at 3.3V. Enable arbitration, all-state leakage and transient qualification open; footprint deferred.,RADIO-013: C6_EN pull-up to switched +3V3_RADIO. Rmin/max=9801/10201 ohm including tolerance and 100C TCR allocation. 12uA adverse leakage allocation: reset sink <0.380mA at 3.6V; released EN >=3.177588V at 3.3V. Full reset and power-state qualification open.,RADIO-015: 10k request pulldown. With 1% tolerance and 100ppm/K over 100K, Rmax=10201 ohm. A 12uA adverse-current allocation gives 0.122412V. Host leakage and full-rail Schmitt thresholds require qualification.,RADIO-017: 10k boot/debug strap pull-up to +3V3_RADIO. R=9801..10201 ohm with 1% and 100ppm/K over 100K. 12uA adverse-current allocation gives 3.177588V at 3.3V; full-state qualification open.,RADIO-019: R7 4.7k / R8 10k, 1% x 100 ppm/C x 100 C and adverse 12uA ON allocation; low <=0.383594 V, high >=1.639635 V for valid host domain. See ../design/radio_interface.md.","Resistor,U9 KILL pull-up to switched +3V3_MCU; MCU P903 uses open-drain shutdown control, BTN-001.,YAGEO RC0603FR-0710KL; 10k 1% 0603, direct-key pull-up to switched +3V3_MCU, present during reset; CMS-009.,YAGEO RC0603FR-0710KL; 10k 1% 0603; U9 INT pull-up to switched +3V3_MCU, BTN-009.,YAGEO RC0603FR-0710KL; 10k 1% 0603; U9 PB pull-up supplies switch contact current. BTN-002/003.,YAGEO RC0603FR-0710KL; 10k 1%, 100 ppm/C; RADIO-019 ON pulldown with R7 4.7k for TPS22964C. Valid host-domain bounds; collapse qualification pending.,YAGEO RC0603FR-0710KL; 10k 1%. RADIO-015 default-low firmware reset request. Prevent release while host GPIO is high impedance; full power-state qualification remains required.,YAGEO RC0603FR-0710KL; 10k 1%. RADIO-017 switched-rail boot/debug strap pull-up; see linked calculation.,YAGEO RC0603FR-0710KL; 10k 1%; RADIO-010 C6_CS_N idle pull-up to switched +3V3_RADIO, not the MCU rail. Disable conflicting C6 pull-down; timing qualification required.,YAGEO RC0603FR-0710KL; 10k 1%; RADIO-010 U5 OE default-low pulldown. Enable arbitration and transient qualification remain required.,YAGEO RC0603FR-0710KL; 10k 1%; RADIO-013 U6 open-drain RESET / C6_EN pull-up to switched +3V3_RADIO. No upstream-rail pull-up. Final reset sequencing remains open.","311-10.0KHRCT-ND","https://www.digikey.com/en/products/detail/yageo/RC0603FR-0710KL/726880,https://www.digikey.com/en/products/detail/yageo/RC0603FR-0710KL/729827","Selected - electrical ratings and sourcing checked; footprint deferred","2026-09-05 indexed: stock 2922248; Active; USD CT 1:0.10 / 10:0.025 / 100:0.01220 / 1000:0.00661; 17wk lead; recheck before order,2026-09-07: DigiKey stock 2904275; USD 0.10/0.025/0.0122 at 1/10/100; recheck before order.,2026-09-13 DigiKey direct: stock 2356142; Active; USD CT 1:0.10 / 10:0.025 / 100:0.01220 / 1000:0.00661; 17wk lead; recheck before order",""
"R6","1","2.2k 1%","","","","","https://yageogroup.com/component-documentation/download/specsheet/RC0603FR-072K2L","YAGEO","RC0603FR-072K2L","","","Renesas RA8x2 Quick Design Guide revision 1.10 Table 2 p.7: 2.2 kohm +/-1% USBHS reference resistor. See design/usb_interface.md USB-001.","YAGEO RC0603FR-072K2L; USBHS reference resistor; 2.2 kohm +/-1%, 0.1 W at 70 C, +/-100 ppm/C.","311-2.20KHRCT-ND","https://www.digikey.com/en/products/detail/yageo/RC0603FR-072K2L/729963","Selected - vendor reference value; PCB qualification deferred","2026-09-05 DigiKey web: Active; 556166 stock; 17wk; USD qty1 0.10, qty10 0.025, qty100 0.0122.",""
"R7","1","4.7k","","","","","https://yageogroup.com/component-documentation/download/specsheet/RC0603FR-074K7L","YAGEO","RC0603FR-074K7L","","","RADIO-019: R7 4.7k / R8 10k, 1% x 100 ppm/C x 100 C and adverse 12uA ON allocation; low <=0.383594 V, high >=1.639635 V for valid host domain. See ../design/radio_interface.md.","YAGEO RC0603FR-074K7L; 4.7k 1%, 100 ppm/C; RADIO-019 series resistor with R8 10k for TPS22964C ON. Valid host-domain bounds; collapse qualification pending.","311-4.70KHRCT-ND","https://www.digikey.com/en/products/detail/yageo/RC0603FR-074K7L/727212","Selected - RADIO-019 valid-domain divider bounds checked; collapse qualification pending; footprint deferred.","2026-09-12: DigiKey Active; 4,502,006 in stock; USD 0.10 / 0.025 / 0.0122 at qty 1 / 10 / 100; 17-week lead. Unreserved; recheck before purchase.",""
"R12","1","33k","","","","","https://industrial.panasonic.com/jp/products/pt/high-precision-chip-resistors/models/ERA6ARW333V","Panasonic Industry","ERA-6ARW333V","","","RST-002: 33k upper SENSE with 20k lower; 0.05%, 10ppm/C. Conditional rising 3.019118825..3.113278988V. See design/reset_coordination_tps3890.md; fast-fault qualification separate.","33k 0.05% 10ppm/C 0805 thin-film reset sense upper resistor; RST-002","P33KBSCT-ND","https://www.digikey.com/en/products/detail/panasonic-industry/ERA-6ARW333V/3073417","Selected; installed drift and reset qualification required; footprint deferred","2026-09-08 DigiKey cut tape: 9330 stock; USD0.57/0.472/0.391 at1/10/100; 41wk; unreserved; shipping/tax excluded",""
"R13","1","20k","","","","","https://www.susumu.co.jp/common/pdf/n_catalog_partition01_en.pdf","Susumu","RG1608N-203-W-T1","","","RST-002: 20k lower SENSE with 33k upper; 0.05%, 10ppm/C. Conditional rising 3.019118825..3.113278988V. See design/reset_coordination_tps3890.md; fast-fault qualification separate.","20k 0.05% 10ppm/C 0603 thin-film reset sense lower resistor; RST-002","RG16N20.0KWCT-ND","https://www.digikey.com/en/products/detail/susumu/RG1608N-203-W-T1/600628","Selected; installed drift and reset qualification required; footprint deferred","2026-09-08 DigiKey cut tape: 78737 stock; USD0.64/0.529/0.4381 at1/10/100; 22wk; unreserved; shipping/tax excluded",""
"R19,R23,R24,R25,R26","5","1k","","","","","https://yageogroup.com/component-documentation/download/specsheet/RC0603FR-071KL","YAGEO","RC0603FR-071KL","","","BTN-003: 1k series resistor with 10k PB pullup and C56=100nF. Worst resistor screen 980.1..1020.1 ohm. Threshold KCL and peak contact discharge math in ../design/single_button_power.md; exposed-node ESD protection required.,CMS-009: 1k series +10k switched-rail pullup +100n filter. At 3.0..3.6V with resistor tolerance/TCR and 2.2uA leakage allocation: VLOW<0.342V, VHIGH>2.97755V, contact>265.14uA. Nominal RC assert/release 0.193/1.514ms; require 20ms stable software debounce. See ../design/camera_storage_interfaces.md CMS-009.","YAGEO RC0603FR-071KL; 1k 1% 0603, direct-key series resistor between exposed switch/TVS node and filtered MCU input; CMS-009.,YAGEO RC0603FR-071KL; 1k 1% 0603; power-key series resistor limits C56 contact discharge. BTN-002/003.","311-1.00KHRCT-ND","https://www.digikey.com/en/products/detail/yageo/RC0603FR-071KL/726843","Selected - electrical ratings and sourcing checked; footprint deferred","2026-09-07: DigiKey stock 4068534; USD 0.10/0.025/0.0122 at 1/10/100; recheck before order.",""
"R22","1","100k","","","","","https://yageogroup.com/component-documentation/download/specsheet/RC0603FR-07100KL","YAGEO","RC0603FR-07100KL","","","BTN-001/007: 100k KILL-to-GND with 10k pull-up to switched +3V3_MCU. At 3.0..3.6V including resistor tolerance/TC and leakage: high >=2.606319V; MCU sink <=0.379310mA. R22 keeps KILL low when the switched rail is absent. See ../design/single_button_power.md.","U9 KILL default-off pulldown to GND; YAGEO RC0603FR-07100KL 100k 1% 0603.","311-100KHRCT-ND","https://www.digikey.com/en/products/detail/yageo/RC0603FR-07100KL/729836","Selected - electrical ratings and sourcing checked; footprint deferred","2026-09-07: DigiKey stock 2200236; USD 0.10/0.025/0.0122 at quantities 1/10/100. Snapshot only; recheck before purchasing.",""
"R31","1","100R","","","","","https://yageogroup.com/component-documentation/download/specsheet/RC2512FK-07100RL","YAGEO","RC2512FK-07100RL","","","SYS-007 revised: 100R between U10 VOUT and AON_HOLD; CE senses downstream reservoir. Rmin/max=98.01/102.01 ohm with tolerance and 100C TCR allocation. At 1.125mA control load, drop<=0.11476125V. Pre-trip reverse <=80mV/98.01ohm<0.817mA. Short screen: 4.6^2/98.01<0.216W, below 1W nominal rating; temperature/pulse cycling qualification required. Full math: ../design/system_power_design.md SYS-007.","SYS-007: 100 ohm, 1W reservoir charging and fault-current limiting resistor.","YAG3387CT-ND","https://www.digikey.com/en/products/detail/yageo/RC2512FK-07100RL/5921799","Selected electrical candidate; reservoir startup, short-circuit temperature and cycling qualification pending; footprint deferred.","2026-09-07: DigiKey Active, stock3845; USD0.33/0.176/0.1086 at1/10/100;17wk lead; recheck before order.",""
"R32","1","732k","","","","","https://yageogroup.com/content/datasheet/asset/file/PYU-RT_1-TO-0-01_ROHS_L","YAGEO","RT0805BRD07732KL","","","SYS-007: 732k top from raw SYS_AON to U11 SENSE; lower 100k. Each +/-0.1%, 25ppm/C, 100C excursion; U11 0.405V +/-2% and +/-25nA. Nominal trip 3.3696V, corners 3.263705831..3.476597632V. Exact thin-film part; no 1% thick-film substitution.","YAGEO RT0805BRD07732KL; 732k ohm +/-0.1%, 25ppm/C precision thin-film source-divider top.","YAG4938CT-ND","https://www.digikey.com/en/products/detail/yageo/RT0805BRD07732KL/6617094","In stock; recheck before purchase","2026-09-07 DigiKey: 15646 in stock; USD 0.10/0.08/0.0665 at 1/10/100.",""
"R33","1","100k","","","","","https://www.yageogroup.com/component-documentation/download/specsheet/RT0603BRD07100KL","YAGEO","RT0603BRD07100KL","","","SYS-007: precision 100k from U11 SENSE to GND; upper 732k. Each +/-0.1%, 25ppm/C, 100C excursion; U11 0.405V +/-2% and +/-25nA. Nominal trip 3.3696V, corners 3.263705831..3.476597632V. Do not substitute 1% EN-pullup part.","YAGEO RT0603BRD07100KL; 100k ohm +/-0.1%, 25ppm/C precision thin-film source-divider bottom.","YAG1235CT-ND","https://www.digikey.com/en/products/detail/yageo/RT0603BRD07100KL/1072187","In stock; recheck before purchase","2026-09-07 DigiKey: 39669 in stock; USD 0.10/0.067/0.0559 at 1/10/100.",""
"R34","1","110k","","","","","https://yageogroup.com/component-documentation/download/specsheet/RC0603FR-07110KL","YAGEO","RC0603FR-07110KL","","","PWR-004: 110k AON_HOLD-to-MAIN_PWR_EN pull-up; 1% initial plus 100ppm/C over 100C. With 3.8uA adverse load, POR current <=14.003041uA and held 2.7V input >=2.273598V. See ../design/main_regulator_ltc3119.md.","YAGEO RC0603FR-07110KL; 110k +/-1% MAIN_PWR_EN pull-up to AON_HOLD; PWR-004","311-110KHRCT-ND","https://www.digikey.com/en/products/detail/yageo/RC0603FR-07110KL/726905","Active; DigiKey stock checked 2026-09-08; unreserved; recheck before purchase","2026-09-08: DigiKey 214574 in stock; USD 0.10 at 1; unreserved",""
"R35,R36,R68,R70","4","1k","","","","","https://yageogroup.com/component-documentation/download/specsheet/RC0603FR-071KL","YAGEO","RC0603FR-071KL","","","PWR-004: 1k series from U16 output to RUN_U13; limits held-clamp contention. R=980.1..1020.1 ohm including 1% initial and 100ppm/C over 100C. Full RUN limits and clamp math: ../design/main_regulator_ltc3119.md.,PWR-004: dedicated 1k from held POWER_OFF_H to Q3 gate, with 1M gate-to-ground. Four-branch held-driver allocation including future USB clear: peak <=18.773595mA; steady <=22.773595uA; VGS>=2.596278V. See ../design/main_regulator_ltc3119.md.,SYS-007 / PWR-004: 1k per held-domain gate; R=980.1..1020.1 ohm including 1% and 100ppm/C over 100C. Four-branch allocation including future USB clear: peak <=18.773595mA, steady <=22.773595uA, VGS>=2.596278V with 1M and 1uA leakage allocation. Shared response <=10ms requires qualification. See ../design/main_regulator_ltc3119.md.","1k 1% 100ppm/C 0603 0.1W at 70C, 75V, held-domain gate series,1k 1% 100ppm/C 0603 0.1W at 70C; RUN buffer output isolation; PWR-004,1k 1% 100ppm/C 0603 0.1W at 70C; held RUN-clamp gate resistor; PWR-004","311-1.00KHRCT-ND","https://www.digikey.com/en/products/detail/yageo/RC0603FR-071KL/726843","Active; DigiKey stock checked 2026-09-07","2026-09-07: 4044181 in stock; USD 0.10/0.025/0.0122 at 1/10/100",""
"R37,R38","2","1M","","","","","https://yageogroup.com/component-documentation/download/specsheet/RC0603FR-071ML","YAGEO","RC0603FR-071ML","","","SYS-007: 1M gate-source pulldown minimizes held-reservoir load. Rmin=980100R including 1% and 100ppm/C over 100C; branch <=5.693399uA including 1uA qualified gate/board leakage. See ../design/system_power_design.md SYS-007.","1M 1% 100ppm/C 0603 0.1W at 70C, 75V, gate pulldown","311-1.00MHRCT-ND","https://www.digikey.com/en/products/detail/yageo/RC0603FR-071ML/726844","Active; DigiKey stock checked 2026-09-07","2026-09-07: 436984 in stock; USD 0.10/0.025/0.0122 at 1/10/100",""
"R39,R40","2","22R","","","","","https://yageogroup.com/component-documentation/download/specsheet/RC2512FK-0722RL","YAGEO","RC2512FK-0722RL","","","SYS-007 / PWR-004: two 22R 1W in parallel, Rpath_max=11.4211 ohm with qualified 0.2 ohm FET. Include 1.5mA key-filter return: at Cmain<=1mF, 3.6V to0.3V discharge <=28.997458ms; total <=38.997458ms includes shared10ms response. Derate and qualify repeated/continuous fault energy. Full equation: ../design/main_regulator_ltc3119.md.","22 ohm 1% 100ppm/C 2512 1W at 70C; main-rail discharge","YAG3392CT-ND","https://www.digikey.com/en/products/detail/yageo/RC2512FK-0722RL/5922011","Active; DigiKey stock checked 2026-09-07","2026-09-07: 31522 in stock; USD 0.31/0.166/0.1025 at 1/10/100",""
"R41","1","5k6","","","","","https://www.susumu.co.jp/common/pdf/n_catalog_partition01_en.pdf","Susumu","RG2012V-562-P-T1","","","PWR-006: 5k6 upper feedback; 0.02%, 5ppm/C; installed tolerance model in design/main_regulator_tps63806.md.","5k6 0.02% 5ppm/C precision upper feedback resistor","408-RG2012V-562-P-T1CT-ND","https://www.digikey.com/en/products/detail/susumu/RG2012V-562-P-T1/1248344","Selected; unreserved stock snapshot; footprint deferred","2026-09-08 DigiKey cut tape: 702 stock; USD 2.18/1.808/1.5074 at 1/10/100; shipping/tax excluded",""
"R42","1","1k","","","","","https://www.susumu.co.jp/common/pdf/RG_LL_Data_Sheet.pdf","Susumu","RG2012L-102-L-T05","","","PWR-006: 1k lower feedback in series with R66 10R; 0.01%, 2ppm/C. See design/main_regulator_tps63806.md.","1k 0.01% 2ppm/C precision lower feedback resistor","408-1631-1-ND","https://www.digikey.com/en/products/detail/susumu/RG2012L-102-L-T05/3737817","Selected; unreserved stock snapshot; footprint deferred","2026-09-08 DigiKey cut tape: 501 stock; USD 3.66/3.026/2.5312 at 1/10/100; shipping/tax excluded",""
"R43","1","0R","","","","","https://www.yageogroup.com/component-documentation/download/specsheet/RC0603JR-070RL","YAGEO","RC0603JR-070RL","","","CMS-010; populated source-side SDCLK tuning link; 0R is not validated damping or timing closure","0 ohm jumper, <50 mOhm initial; 1 A rated; 0603 candidate","311-0.0GRCT-ND","https://www.digikey.com/en/products/detail/yageo/RC0603JR-070RL/726675","Sourced candidate; CMS-010 SI and timing qualification pending; footprint deferred","2026-09-08; DigiKey stock 7899620; USD qty1 0.10; qty10 0.011; qty100 0.0066",""
"R44,R45,R46,R47,R48,R49,R50,R51,R52,R53","10","10k","","","","","https://www.yageogroup.com/component-documentation/download/specsheet/RC0603FR-0710KL","YAGEO","RC0603FR-0710KL","","","CMS-010; 10k default pullup to switched +3V3_MCU; 1% plus 100ppm/C over 100C screen; VHIGH>=2.928593V with 7uA leakage; sink<0.374mA; startup/SI qualification open.","10k 1% 0603 SDRAM default pullup; 100ppm/C, 0.1W at 70C; CMS-010.","311-10.0KHRCT-ND","https://www.digikey.com/en/products/detail/yageo/RC0603FR-0710KL/729827","Selected - electrical ratings and sourcing checked; CMS-010 qualification pending; footprint deferred","2026-09-08: DigiKey stock 2866522; USD 0.10/0.025/0.0122 at 1/10/100; recheck before order.",""
"R54,R55,R56,R57,R58,R59,R60,R61,R62,R63","10","30R","","","","","https://yageogroup.com/content/datasheet/asset/file/PYU-RT_1-TO-0-01_ROHS_L","YAGEO","RT0603BRD0730RL","","","CMS-011; external JESD251 30R series on DQ0-7, CK and DS; 0.1%, 25ppm/C, 100C screen 29.895075..30.105075 ohm; MCU-side placement starting point, SI qualification open","30 ohm +/-0.1%, 25ppm/C, 0.1W at 70C, 0603 thin-film NOR series resistor; CMS-011","13-RT0603BRD0730RLCT-ND","https://www.digikey.com/en/products/detail/yageo/RT0603BRD0730RL/1072456","Sourced candidate; CMS-011 DC screen checked; SI and assembly qualification pending; footprint deferred","2026-09-08; DigiKey stock 10201; USD qty1 0.10; qty10 0.067; qty100 0.0559",""
"R64","1","10k","","","","","https://www.yageogroup.com/component-documentation/download/specsheet/RC0603FR-0710KL","YAGEO","RC0603FR-0710KL","","","CMS-011; CS 10k pull-up to switched +3V3_MCU; 1%, 100ppm/C, 100C screen 9801..10201 ohm; VHIGH >=3.201240V at 4uA; resistor stress <=1.322314mW; timing qualification pending","10k +/-1%, 100ppm/C, 0.1W at 70C, 0603 NOR CS pull-up; CMS-011","311-10.0KHRCT-ND","https://www.digikey.com/en/products/detail/yageo/RC0603FR-0710KL/729827","Selected - electrical ratings and sourcing checked; CMS-011 DC screen checked; timing and assembly qualification pending; footprint deferred","2026-09-08: DigiKey stock 2866522; USD 0.10/0.025/0.0122 at 1/10/100; recheck before order.",""
"R65","1","47k","","","","","https://www.yageogroup.com/component-documentation/download/specsheet/RC0603FR-0747KL","YAGEO","RC0603FR-0747KL","","","CMS-011; INT 47k pull-up to switched +3V3_MCU; explicit departure from vendor 5-10k to fit 100uA VOL test; ILOW <=80.150949uA, VHIGH >=3.050265V; RC timing qualification pending","47k +/-1%, 100ppm/C, 0.1W at 70C, 0603 NOR INT pull-up; CMS-011","311-47.0KHRCT-ND","https://www.digikey.com/en/products/detail/yageo/RC0603FR-0747KL/730200","Selected - electrical ratings and sourcing checked; CMS-011 DC screen checked; timing and assembly qualification pending; footprint deferred","2026-09-08; DigiKey stock 2036190; USD qty1 0.10; qty10 0.025; qty100 0.0122",""
"R66","1","10R","","","","","https://www.yageogroup.com/component-documentation/download/specsheet/RC0603FR-0710RL","YAGEO","RC0603FR-0710RL","","","PWR-006: 10R lower feedback trim in series with R42 1k; 1%, 200ppm/C. See design/main_regulator_tps63806.md.","10R 1% 200ppm/C lower feedback series trim resistor","311-10.0HRCT-ND","https://www.digikey.com/en/products/detail/yageo/RC0603FR-0710RL/726879","Selected; unreserved stock snapshot; footprint deferred","2026-09-08 DigiKey cut tape: 36360 stock; USD 0.10/0.037/0.0187 at 1/10/100; shipping/tax excluded",""
"R67","1","33k","","","","","https://industrial.panasonic.com/jp/products/pt/high-precision-chip-resistors/models/ERA6ARW333V","Panasonic Industry","ERA-6ARW333V","","","RST-002: 33k/20k sense divider, 0.05% and 10ppm/C. Conditional rising threshold 3.019118825..3.113278988V; installed drift/leakage qualification required. See design/reset_coordination_tps3890.md.","33k 0.05% 10ppm/C 0805 thin-film reset sense upper resistor; RST-002","P33KBSCT-ND","https://www.digikey.com/en/products/detail/panasonic-industry/ERA-6ARW333V/3073417","Selected for conditional DC/startup design; installed drift and reset qualification pending; footprint deferred.","2026-09-08 DigiKey: 9330 stock; USD 0.57/0.472/0.391 at 1/10/100; 41 weeks; unreserved, recheck before order.",""
"R69","1","68k","","","","","https://yageogroup.com/component-documentation/download/specsheet/RC0603FR-0768KL","YAGEO","RC0603FR-0768KL","","","PWR-004: 68k RUN_U13-to-GND. Raw zero screen with 2uA buffer Ioff and 1uA RUN leakage allocation gives <=0.2081V. RUN leakage is an engineering allocation, not a guaranteed hot limit. Held clamp additionally required. See ../design/main_regulator_ltc3119.md.","68k 1% 100ppm/C 0603 0.1W at 70C; TPS63806 EN pull-down on RUN_U13; PWR-006","311-68.0KHRCT-ND","https://www.digikey.com/en/products/detail/yageo/RC0603FR-0768KL/727352","Active; DigiKey stock checked 2026-09-08; unreserved; recheck before purchase","2026-09-08: DigiKey 106781 in stock; USD 0.10 at 1; unreserved",""
"R71","1","1M","","","","","https://yageogroup.com/component-documentation/download/specsheet/RC0603FR-071ML","YAGEO","RC0603FR-071ML","","","PWR-004: 1M Q3 gate-to-GND limits held reservoir load. Rmin=980100 ohm including 1% and 100ppm/C over 100C; branch <=5.693399uA including 1uA qualified gate/board leakage. See ../design/main_regulator_ltc3119.md.","1M 1% 100ppm/C 0603 0.1W at 70C; Q3 gate-source pull-down; PWR-004","311-1.00MHRCT-ND","https://www.digikey.com/en/products/detail/yageo/RC0603FR-071ML/726844","Active; reused source snapshot 2026-09-07; unreserved; recheck before purchase","2026-09-07: 436984 in stock; USD 0.10/0.025/0.0122 at 1/10/100; unreserved",""
"R72","1","10k","","","","","https://www.yageogroup.com/component-documentation/download/specsheet/RC0603FR-0710KL","YAGEO","RC0603FR-0710KL","","","CMS-012: R72 at J2.MP2 before R73; 9801..10201 ohm screen. No-card HIGH/card LOW independently of card VDD. Held contact current >=291.984uA screened; Hirose 1mA is resistance test condition, not proven wetting minimum. See ../design/camera_storage_interfaces.md#cms-012-independent-mechanical-microsd-card-detect.","YAGEO RC0603FR-0710KL; 10k 1% 0603 mechanical microSD contact pull-up to +3V3_MCU. CMS-012.","311-10.0KHRCT-ND","https://www.digikey.com/en/products/detail/yageo/RC0603FR-0710KL/729827","Selected for mechanical card detect; native SD power/data integrated. Wetting, bounce and installed ESD qualification remain open; footprint deferred.","2026-09-07: DigiKey stock 2904275; USD 0.10/0.025/0.0122 at 1/10/100; recheck before order.",""
"R73","1","1k","","","","","https://yageogroup.com/component-documentation/download/specsheet/RC0603FR-071KL","YAGEO","RC0603FR-071KL","","","CMS-012: 980.1..1020.1 ohm screened; mechanical detect only. Keep P406 input-only, internal pulls off; no filter capacitor. ESD residual and resistor pulse qualification remain open. See ../design/camera_storage_interfaces.md#cms-012-independent-mechanical-microsd-card-detect.","YAGEO RC0603FR-071KL; 1k 1% 0603 series from J2.MP2 to SD_CD_N/P406. CMS-012.","311-1.00KHRCT-ND","https://www.digikey.com/en/products/detail/yageo/RC0603FR-071KL/726843","Selected for mechanical card detect; native SD power/data integrated. Wetting, bounce and installed ESD qualification remain open; footprint deferred.","2026-09-07: DigiKey stock 4068534; USD 0.10/0.025/0.0122 at 1/10/100; recheck before order.",""
"R74","1","20k","","","","","https://www.susumu.co.jp/common/pdf/n_catalog_partition01_en.pdf","Susumu","RG1608N-203-W-T1","","","RST-002: 33k/20k sense divider, 0.05% and 10ppm/C. Conditional rising threshold 3.019118825..3.113278988V; installed drift/leakage qualification required. See design/reset_coordination_tps3890.md.","20k 0.05% 10ppm/C 0603 thin-film reset sense lower resistor; RST-002","RG16N20.0KWCT-ND","https://www.digikey.com/en/products/detail/susumu/RG1608N-203-W-T1/600628","Selected for conditional DC/startup design; installed drift and reset qualification pending; footprint deferred.","2026-09-08 DigiKey: 78737 stock; USD 0.64/0.529/0.4381 at 1/10/100; 22 weeks; unreserved, recheck before order.",""
"R75","1","10k","","","","","https://www.yageogroup.com/component-documentation/download/specsheet/RC0603FR-0710KL","YAGEO","RC0603FR-0710KL","","","RST-002: 10k MR pull-up, 1%, 100ppm/C; 9801..10201ohm over 100C. Allocated adverse MR leakage 50uA gives 435.495904mV high margin. See design/reset_coordination_tps3890.md.","10k 1% 100ppm/C 0603 reset-request pull-up; RST-002","311-10.0KHRCT-ND","https://www.digikey.com/en/products/detail/yageo/RC0603FR-0710KL/726880","Selected for conditional DC/startup design; reset qualification pending; footprint deferred.","2026-09-08 DigiKey: 2797669 stock; USD 0.10/0.025/0.0122 at 1/10/100; unreserved, recheck before order.",""
"R76","1","2.21k","","","","","https://yageogroup.com/component-documentation/download/specsheet/RC0603FR-072K21L","YAGEO","RC0603FR-072K21L","","","","YAGEO RC0603FR-072K21L; 2.21k, 1%, 100 ppm/C; TPS22950C ILIM resistor. TI 2.21k row: 0.38/0.50/0.62 A min/typ/max under stated conditions. See ../design/microsd_power_interface.md.","311-2.21KHRCT-ND","https://www.digikey.com/en/products/detail/yageo/RC0603FR-072K21L/727018","Selected for TPS22950C ILIM; card inrush, current-limit tolerance and collapse qualification pending; footprint deferred.","2026-09-12: DigiKey Active; 208654 in stock; 17 weeks; USD 1:0.10, 10:0.025, 100:0.0122. Unreserved snapshot; recheck before purchase.",""
"R77,R78,R79,R80,R81","5","10k","","","","","https://www.yageogroup.com/component-documentation/download/specsheet/RC0603FR-0710KL","YAGEO","RC0603FR-0710KL","","","","YAGEO RC0603FR-0710KL; 10k, 1%, 100 ppm/C; microSD control bias resistor. 9801..10201 ohm tolerance model over 100 C; see ../design/microsd_power_interface.md.","311-10.0KHRCT-ND","https://www.digikey.com/en/products/detail/yageo/RC0603FR-0710KL/726880","Selected for microSD control bias; valid-supply DC budget checked; startup and collapse qualification pending; footprint deferred.","2026-09-12: DigiKey Active; 2356440 in stock; USD 1:0.10, 10:0.025, 100:0.0122. Unreserved snapshot; see microsd_power_interface.md.",""
"R82","1","330","","","","","https://www.yageogroup.com/component-documentation/download/specsheet/RC0603FR-07330RL","YAGEO","RC0603FR-07330RL","","","","YAGEO RC0603FR-07330RL; 330 ohm, 1%, 100 ppm/C; microSD VDD_SD passive discharge. Conditional 50 ms off policy depends on island capacitance, leakage and switch cutoff; see ../design/microsd_power_interface.md.","311-330HRCT-ND","https://www.digikey.com/en/products/detail/yageo/RC0603FR-07330RL/730109","Selected for microSD passive discharge; conditional RC and power model checked; card capacitance, leakage, cutoff and installed thermal qualification pending; footprint deferred.","2026-09-12: DigiKey Active; 384039 in stock; USD 1:0.10, 10:0.025, 100:0.0122. Unreserved snapshot; see microsd_power_interface.md.",""
"R83,R84,R85,R86,R87,R88","6","33","","","","","https://www.yageogroup.com/component-documentation/download/specsheet/RC0603FR-0733RL","YAGEO","RC0603FR-0733RL","","","","YAGEO RC0603FR-0733RL; 33 ohm, 1%, 100 ppm/C; microSD host-side series termination. Initial value for 25/50 MHz SI qualification; see ../design/microsd_power_interface.md.","13-RC0603FR-0733RLCT-ND","https://www.digikey.com/en/products/detail/yageo/RC0603FR-0733RL/727158","Selected for initial microSD bus series termination; exact sourcing checked; 25/50 MHz timing, overshoot and assembly qualification pending; footprint deferred.","2026-09-12: DigiKey Active; 1055511 in stock; USD 1:0.10, 10:0.025, 100:0.0122. Unreserved snapshot; see microsd_power_interface.md.",""
"R89,R90,R91,R92,R93","5","47k","","","","","https://www.yageogroup.com/component-documentation/download/specsheet/RC0603FR-0747KL","YAGEO","RC0603FR-0747KL","","","","YAGEO RC0603FR-0747KL; 47k, 1%, 100 ppm/C; microSD card-side CMD/DAT pullup to switched VDD_SD. See ../design/microsd_power_interface.md; installed DC and timing qualification pending.","311-47.0KHRCT-ND","https://www.digikey.com/en/products/detail/yageo/RC0603FR-0747KL/727253","Selected for microSD card-side pullups to VDD_SD; exact sourcing and load budget checked; installed DC and timing qualification pending; footprint deferred.","2026-09-12: DigiKey Active; 1985054 in stock; USD 1:0.10, 10:0.025, 100:0.0122. Unreserved snapshot; see microsd_power_interface.md.",""
"R94","1","1k","","","","","https://yageogroup.com/component-documentation/download/specsheet/RC0603FR-071KL","YAGEO","RC0603FR-071KL","","","CMS-013: 1k permanent output load; 1.65V/(1000*1.01*1.01)=1.61749mA minimum under tolerance/100C TCR model, exceeding LT3042 1mA DC-spec load condition. Rail collapse timing remains unqualified. See design/camera_storage_interfaces.md.","YAGEO RC0603FR-071KL; 1k, 1%, 100ppm/C, 0603, 0.1W at 70C. Permanent LT3042 MIPI output load and passive discharge path; CMS-013.","311-1.00KHRCT-ND","https://www.digikey.com/en/products/detail/yageo/RC0603FR-071KL/726843","Selected for MIPI regulator permanent output load; installed rail sequencing and discharge qualification remain open; footprint deferred.","2026-09-12 DigiKey Active; 4828305 stock; 17wk; USD 0.10/0.025/0.0122 at qty1/10/100. Unreserved snapshot; recheck before purchase. CMS-013.",""
"R95","1","18k","","","","","https://yageogroup.com/component-documentation/download/specsheet/RT0603BRD0718KL","YAGEO","RT0603BRD0718KL","","","CMS-013: 18k SET resistor; 0.1% and 25ppm/C over 100C model, 98..102uA SET current, +/-2mV offset and +/-100nA leakage allocation give 1.75404..1.84624V. DC limits require 2<VIN<20V and load >=1mA; startup unqualified. See design/camera_storage_interfaces.md.","YAGEO RT0603BRD0718KL; 18k, 0.1%, 25ppm/C, 0603, 0.1W at 70C. LT3042 SET resistor for nominal 1.8V MIPI host supply; CMS-013.","YAG1552CT-ND","https://www.digikey.com/en/products/detail/yageo/RT0603BRD0718KL/1072301","Selected for MIPI LT3042 SET network; installed leakage, startup and rail-sequencing qualification remain open; footprint deferred.","2026-09-12 DigiKey Active; 45015 stock; 20wk; USD 0.10/0.067/0.0559 at qty1/10/100. Unreserved snapshot; recheck before purchase. CMS-013.",""
"R96,R97","2","10k","","","","","https://yageogroup.com/component-documentation/download/specsheet/RC0603FR-0710KL","YAGEO","RC0603FR-0710KL","","","Camera PWUP output pull-down: 10k, 1%, 100ppm/C. With 100C drift model, Rmax=10201 ohm; a 20uA total off-state leakage acceptance allocation gives 0.20402V. This allocation is not a module leakage guarantee; qualify powered-off and rail-collapse behavior. See ../design/camera_storage_interfaces.md.,Camera request pull-down: 10k, 1%, 100ppm/C. With 100C drift model, Rmax=10201 ohm; allocated MCU plus gate leakage 10uA gives 0.10201V. Powered-off and rail-collapse behavior require qualification. See ../design/camera_storage_interfaces.md.","Resistor","311-10.0KHRCT-ND","https://www.digikey.com/en/products/detail/yageo/RC0603FR-0710KL/726880","Active; stocked DigiKey 2026-09-12; footprint and assembly qualification deferred.","2026-09-12 DigiKey US: Active, 2356142 in stock; USD 0.10 / 0.025 / 0.0122 at qty 1 / 10 / 100; 17-week lead. Unreserved; excludes tax/shipping; recheck before purchase.",""
"R98,R99","2","1.5k","","","","","https://yageogroup.com/component-documentation/download/specsheet/RC0603FR-071K5L","YAGEO","RC0603FR-071K5L","","","Camera SCCB host pull-up: 1.5k, 1%, 100ppm/C per Pcam host guidance. Conditional combined host/module sink screen is 3.013mA at 0.4V; require dedicated RA IIC FMPE=1. Host 300ns RC screen permits 231.39pF; module sink, translator drop and complete bus timing require qualification. See ../design/camera_storage_interfaces.md.","Resistor","311-1.50KHRCT-ND","https://www.digikey.com/en/products/detail/yageo/RC0603FR-071K5L/726864","Active; stocked DigiKey 2026-09-12; footprint and assembly qualification deferred.","2026-09-12 DigiKey US: Active, 1029247 in stock; USD 0.11 / 0.027 / 0.0129 at qty 1 / 10 / 100; 17-week lead. Unreserved; excludes tax/shipping; recheck before purchase.",""
"R100,R101","2","47k","","","","","https://www.yageogroup.com/component-documentation/download/specsheet/RC0603FR-0747KL","YAGEO","RC0603FR-0747KL","","","","YAGEO RC0603FR-0747KL; 47k, 1%, 100 ppm/C; U25 host-side handshake output pulldown to GND. Disable MCU internal pulls. Installed leakage and sequencing qualification pending.","311-47.0KHRCT-ND","https://www.digikey.com/en/products/detail/yageo/RC0603FR-0747KL/727253","Selected for U25 host-side output pulldown to GND; installed leakage and sequencing qualification pending; footprint deferred.","2026-09-12: DigiKey Active; 1985054 in stock; USD 1:0.10, 10:0.025, 100:0.0122. Unreserved snapshot; see microsd_power_interface.md.",""
"SW1","1","POWER","","","","","https://industrial.panasonic.com/cdbs/www-data/pdf/ATK0000/ATK0000C378.pdf","Panasonic","EVQP7A01P","","","BTN-003/010: min load 10uA at 2V, max 50mA at 12V, initial contact <=0.5 ohm, bounce <=10ms; -20..70C product limit. R18/R19 guarantee contact-current and PB threshold DC screens; ESD and lifetime qualification required.","Panasonic EVQP7A01P; normally-open power/wake/recovery key; BTN-001/003. One of five exposed product buttons.","P16763CT-ND","https://www.digikey.com/en/products/detail/panasonic-industry/EVQ-P7A01P/4429447","Selected electrical candidate; source snapshot checked; footprint and assembly qualification deferred.","2026-09-07: DigiKey stock 32462; USD 0.28/0.248/0.2076 at 1/10/100; recheck before order.",""
"SW2","1","PAGE_PREV","","","","","https://industrial.panasonic.com/cdbs/www-data/pdf/ATK0000/ATK0000C378.pdf","Panasonic","EVQP7A01P","","","CMS-009: independent active-low key; 10k pullup, 1k series and 100n filter. Contact >265.14uA, VHIGH >2.97755V; minimum load 10uA at 2V, maximum 50mA at 12V; bounce <=10ms, require 20ms stable software debounce. See ../design/camera_storage_interfaces.md CMS-009 and ../design/single_button_power.md BTN-006.","Panasonic EVQP7A01P; normally-open previous-page key, active-low independent filtered GPIO; CMS-009.","P16763CT-ND","https://www.digikey.com/en/products/detail/panasonic-industry/EVQ-P7A01P/4429447","Selected electrical candidate; source snapshot checked; footprint and assembly qualification deferred.","2026-09-07: DigiKey stock 32462; USD 0.28/0.248/0.2076 at 1/10/100; recheck before order.",""
"SW3","1","PAGE_NEXT","","","","","https://industrial.panasonic.com/cdbs/www-data/pdf/ATK0000/ATK0000C378.pdf","Panasonic","EVQP7A01P","","","CMS-009: independent active-low key; 10k pullup, 1k series and 100n filter. Contact >265.14uA, VHIGH >2.97755V; minimum load 10uA at 2V, maximum 50mA at 12V; bounce <=10ms, require 20ms stable software debounce. See ../design/camera_storage_interfaces.md CMS-009 and ../design/single_button_power.md BTN-006.","Panasonic EVQP7A01P; normally-open next-page key, active-low independent filtered GPIO; CMS-009.","P16763CT-ND","https://www.digikey.com/en/products/detail/panasonic-industry/EVQ-P7A01P/4429447","Selected electrical candidate; source snapshot checked; footprint and assembly qualification deferred.","2026-09-07: DigiKey stock 32462; USD 0.28/0.248/0.2076 at 1/10/100; recheck before order.",""
"SW4","1","VOL_DOWN","","","","","https://industrial.panasonic.com/cdbs/www-data/pdf/ATK0000/ATK0000C378.pdf","Panasonic","EVQP7A01P","","","CMS-009: independent active-low key; 10k pullup, 1k series and 100n filter. Contact >265.14uA, VHIGH >2.97755V; minimum load 10uA at 2V, maximum 50mA at 12V; bounce <=10ms, require 20ms stable software debounce. See ../design/camera_storage_interfaces.md CMS-009 and ../design/single_button_power.md BTN-006.","Panasonic EVQP7A01P; normally-open volume-down key, active-low independent filtered GPIO; CMS-009.","P16763CT-ND","https://www.digikey.com/en/products/detail/panasonic-industry/EVQ-P7A01P/4429447","Selected electrical candidate; source snapshot checked; footprint and assembly qualification deferred.","2026-09-07: DigiKey stock 32462; USD 0.28/0.248/0.2076 at 1/10/100; recheck before order.",""
"SW5","1","VOL_UP","","","","","https://industrial.panasonic.com/cdbs/www-data/pdf/ATK0000/ATK0000C378.pdf","Panasonic","EVQP7A01P","","","CMS-009: independent active-low key; 10k pullup, 1k series and 100n filter. Contact >265.14uA, VHIGH >2.97755V; minimum load 10uA at 2V, maximum 50mA at 12V; bounce <=10ms, require 20ms stable software debounce. See ../design/camera_storage_interfaces.md CMS-009 and ../design/single_button_power.md BTN-006.","Panasonic EVQP7A01P; normally-open volume-up key, active-low independent filtered GPIO; CMS-009.","P16763CT-ND","https://www.digikey.com/en/products/detail/panasonic-industry/EVQ-P7A01P/4429447","Selected electrical candidate; source snapshot checked; footprint and assembly qualification deferred.","2026-09-07: DigiKey stock 32462; USD 0.28/0.248/0.2076 at 1/10/100; recheck before order.",""
"U1","1","R7KA8P1KFLCAC#UC0","","","","Processors:BGA289C65P17X17_1200X1200X138","https://www.renesas.com/en/document/dst/ra8p1-group-datasheet","Renesas Electronics","R7KA8P1KFLCAC#UC0","968-R7KA8P1KFLCACUC0","2026-09-05 browser: 317 in stock; USD 1:29.47 / 10:23.82 / 25:22.75 / 100:21.71 / 189:21.70; MOQ 1, multiple 1. Recheck before order.","","MCU 1GHz Arm Cortex-M85 + Cortex-M33 + Ethos-U55 NPU, 289-pin BGA","559-R7KA8P1KFLCAC#UC0-ND","https://www.digikey.com/en/products/detail/renesas-electronics-corporation/R7KA8P1KFLCAC-UC0/26738126","Retain exact UC0 - Mouser stock verified; circuit qualification ongoing","2026-09-05 indexed: stock 1; USD 29.47; no backorders. Distributor status is not proof of manufacturer EOL.","https://www.mouser.com/en/ProductDetail/Renesas-Electronics/R7KA8P1KFLCACUC0?qs=2FehpBK1j97Anbj%252BfZIC1A%3D%3D"
"U2","1","TPS389001DSET","","","","","https://www.ti.com/lit/ds/symlink/tps3890.pdf","Texas Instruments","TPS389001DSET","","","RST-002: adjustable 1.15V falling/1.157V rising supervisor, open-drain reset. R67/R74 33k/20k; C95 10n and R75 10k. Conditional main-rail DC/startup coordination; fast-collapse qualification remains open. See design/reset_coordination_tps3890.md.","Adjustable reset supervisor, active-low open-drain RESET, MR and programmable CT; RST-002","296-44489-1-ND","https://www.digikey.com/en/products/detail/texas-instruments/TPS389001DSET/6110554","Selected and wired for conditional DC/startup coordination; system transient/reset qualification pending; footprint deferred.","2026-09-08 DigiKey: 2090 stock; USD 2.22/1.643/1.3395 at 1/10/100; unreserved, recheck before order.",""
"U3","1","ESP32-C6-WROOM-1-N8","","","","Wireless:XCVR_ESP32-C6-WROOM-1-N8","https://www.espressif.com/sites/default/files/documentation/esp32-c6-wroom-1_wroom-1u_datasheet_en.pdf","Espressif Systems","ESP32-C6-WROOM-1-N8","","","","Wi-Fi 6 + BLE 5.3 + 802.15.4 RISC-V SoC module, 8MB flash","1965-ESP32-C6-WROOM-1-N8CT-ND","https://www.digikey.com/en/products/detail/espressif-systems/ESP32-C6-WROOM-1-N8/17728866","Sourced candidate; electrical integration and footprint qualification pending","2026-09-05 DigiKey: Active; 1435 in stock; USD qty1 5.55, qty10 4.80, qty100 4.1844. Tariff may apply; recheck before ordering.",""
"U4","1","TPS22964CYZPT","","","","","https://www.ti.com/lit/ds/symlink/tps22963c.pdf","Texas Instruments","TPS22964CYZPT","","","","TI active-high 1..5.5 V load switch, YZP six-ball; internal slew and output discharge; reverse blocking only when disabled.","296-41845-1-ND","https://www.digikey.com/en/products/detail/texas-instruments/TPS22964CYZPT/4457704","RADIO-019 selected switch; 30 milliohm installed / 20 mV complete path, startup, collapse and discharge qualification pending; footprint deferred.","2026-09-12: DigiKey cut tape, 4 in stock; USD 1.56 / 1.143 / 0.9212 at qty 1 / 10 / 100. Unreserved; recheck before purchase.",""
"U5","1","TXU0304PWR","","","","","https://www.ti.com/lit/ds/symlink/txu0304.pdf","Texas Instruments","TXU0304PWR","","","RADIO-009: 3 outbound + 1 inbound SPI channels; dual supply with Ioff; OE sequencing and timing closure pending","4-bit fixed-direction dual-supply translator, 3 A-to-B and 1 B-to-A channels, active-high OE, 1.1-5.5 V, TSSOP-14","296-TXU0304PWRCT-ND","https://www.digikey.com/en/products/detail/texas-instruments/TXU0304PWR/14641423","Selected; verify availability before ordering","",""
"U6","1","TPS389001DSET","","","","","https://www.ti.com/lit/ds/symlink/tps3890.pdf","Texas Instruments","TPS389001DSET","","","RADIO-011: adjustable 1.15V SENSE supervisor with precision hysteresis. Divider, CT, MCU-reset arbitration and transient margins must be jointly qualified; not a drop-in TPS3808G33 replacement.","TI TPS389001DSET adjustable voltage supervisor; 1.15 V nominal falling SENSE threshold, active-low open-drain RESET, manual reset, ground-referenced CT delay capacitor. SLVSD65A sections 5-7. DSE six-pin WSON; footprint qualification deferred.","296-44489-1-ND","https://www.digikey.com/en/products/detail/texas-instruments/TPS389001DSET/6110554","Candidate - pin map checked; reset threshold, delay and power-state qualification open; footprint deferred","2026-09-05 DigiKey indexed: Active; 2090 stock; 26 weeks; USD 1:2.22 / 10:1.643 / 100:1.3395; recheck before ordering",""
"U7,U8","2","SN74LVC1G97DBVR","","","","","https://www.ti.com/lit/ds/symlink/sn74lvc1g97.pdf","Texas Instruments","SN74LVC1G97DBVR","","","RADIO-015: Schmitt-input AND configuration, IN1 grounded. Gate reset request with MCU reset. Partial-power-down Ioff specified; analog ramp and full sequencing qualification remain open.,RADIO-016: Schmitt-input AND, IN1 grounded. C6_EN and RADIO_PWR_EN qualify SPI_IO_EN to U5 OE. MCU-rail powered. Verify reset-node loading, logic margins and shutdown sequencing.","TI SN74LVC1G97DBVR Schmitt-input configurable gate. RADIO-015: IN1=GND gives Y=IN0 AND IN2 for active-low reset request arbitration. VCC on MCU rail.,TI SN74LVC1G97DBVR Schmitt-input configurable gate. RADIO-016: IN1=GND gives SPI_IO_EN = C6_EN AND RADIO_PWR_EN. Upstream MCU-rail supply; full sequencing qualification required.","296-15581-1-ND","https://www.digikey.com/en/products/detail/texas-instruments/SN74LVC1G97DBVR/571196","Selected - exact pinout and sourcing checked; full reset/power qualification open; footprint deferred.","2026-09-07 indexed: Active; 30722 in stock; USD 1:0.23 / 10:0.16 / 100:0.12130; 9wk lead; recheck before ordering.",""
"U9","1","LTC2954ITS8-1","","","","","https://www.analog.com/media/en/technical-documentation/data-sheets/2954fb.pdf","Analog Devices","LTC2954ITS8-1#TRPBF","","","BTN-001..008: initial-off hardware latch, debounced held-button interrupt, independent forced-off timer, 2.7-26.4V. Full math: ../design/single_button_power.md","Pushbutton on/off controller, active-high open-drain EN, interrupt and forced-off timer, 2.7-26.4V, TSOT-23-8","LTC2954ITS8-1#TRPBFCT-ND","https://www.digikey.com/en/products/detail/analog-devices-inc/LTC2954ITS8-1-TRPBF/1621452","Selected controller candidate; exact TS8 pin map reviewed. Source-valid, discharge and full power sequencing pending; footprint deferred.","2026-09-07: DigiKey stock5128 USD7.83/6.056/5.1224; Mouser stock2157 USD7.14/5.49/4.62 at1/10/100. Recheck before order.","https://www.mouser.com/ProductDetail/Analog-Devices/LTC2954ITS8-1TRPBF?qs=hVkxg5c3xu%2FjT4Y9VauCgQ%3D%3D"
"U10","1","LM66100DCKR","","","","Package_TO_SOT_SMD:SOT-363_SC-70-6","https://www.ti.com/lit/ds/symlink/lm66100.pdf","Texas Instruments","LM66100DCKR","","","SYS-007 revised: VIN1=raw SYS_AON, VOUT6 via R31=100R to AON_HOLD, CE3=AON_HOLD downstream of R31. GND2 and unused ST5 to GND; NC4 internally unconnected. Do not move R31 before VIN or sense immediate VOUT: limited reverse current can fail to trip. Budget 0.817mA pre-trip reverse plus 1.125mA control and combined 1uC transition/initial-undershoot reserve. Qualify VIN=0..4.6V leakage and slow/floating-source collapse. Full math: ../design/system_power_design.md SYS-007.","SYS-007: VIN on raw SYS, output charging resistor, CE senses downstream held reservoir.","296-53541-1-ND","https://www.digikey.com/en/products/detail/texas-instruments/LM66100DCKR/10273183","Selected electrical candidate; reverse-blocking transient and held-island qualification pending; footprint deferred.","2026-09-07: DigiKey Active, stock 28390; USD 0.32/0.222/0.1697 at 1/10/100; 16wk lead; recheck before ordering.",""
"U11","1","TPS3808G01DBVR","","","","Package_TO_SOT_SMD:SOT-23-6","https://www.ti.com/lit/ds/symlink/tps3808.pdf","Texas Instruments","TPS3808G01DBVR","","","SYS-007: adjustable 0.405V +/-2%, SENSE +/-25nA; 732k/100k precision divider gives 3.3696V nominal, 3.263705831..3.476597632V corners. RESET open-drain shares MAIN_PWR_EN; VDD and MR on AON_HOLD; CT 3x100n C0G, nominal 1.714786s; require qualified reset hold >=0.90s. No fixed-G33 substitution.","TI TPS3808G01DBVR; adjustable 0.405 V (+/-2%) supervisor, active-low open-drain RESET, manual reset, external CT delay. SBVS050N Table 5-1; SYS-007.","296-17188-1-ND","https://www.digikey.com/en/products/detail/texas-instruments/TPS3808G01DBVR/666712","Active; in stock; recheck before purchase","2026-09-07 DigiKey: 101626 in stock; USD 1.96/1.437/1.1643 at 1/10/100; 16 week lead time.",""
"U12","1","74LVC1G14GW,125","","","","","https://assets.nexperia.com/documents/data-sheet/74LVC1G14.pdf","Nexperia","74LVC1G14GW,125","","","SYS-007 / PWR-004: 2.7..4.6V held-domain inverter; 1uA input leakage. Four 1k/1M gate branches include future USB clear: peak <=18.773595mA, steady <=22.773595uA, VGS>=2.596278V. Local100n bypass; shared10ms settling and500uA non-rail-input current allocation require qualification. See ../design/main_regulator_ltc3119.md.","Nexperia single Schmitt inverter, 1.65-5.5V, SOT353; held-domain shutdown driver","1727-3072-1-ND","https://www.digikey.com/en/products/detail/nexperia-usa-inc/74LVC1G14GW-125/946729","Active; DigiKey stock checked 2026-09-07","2026-09-07: 316557 in stock; USD 0.10/0.061/0.0443 at 1/10/100",""
"U13","1","TPS63806YFFR","","","","","https://www.ti.com/lit/ds/symlink/tps63806.pdf","Texas Instruments","TPS63806YFFR","","","PWR-006: 3.272277V nominal forced-PWM buck-boost, MODE tied VIN. Divider 5k6/(1k+10R), 470nH and qualified effective bypass requirements in design/main_regulator_tps63806.md. Reset coordination and source protection remain open.","TPS63806 adjustable buck-boost converter, 15-ball WCSP, forced PWM","296-TPS63806YFFRCT-ND","https://www.digikey.com/en/products/detail/texas-instruments/TPS63806YFFR/10715517","Selected; circuit/load/startup qualification required; footprint deferred","2026-09-08 DigiKey cut tape: 1485 stock; USD 3.04/2.277/1.8744 at 1/10/100; unreserved; shipping/tax excluded",""
"U14","1","IS42S32160F-7TLI","","","","","https://www.mouser.com/datasheet/3/3722/1/42_45R_S_32160F.pdf","ISSI","IS42S32160F-7TLI","","","CMS-010; 64 MiB x32; released February 2025 datasheet; startup, DC, SI/timing and PDN qualification pending","SDRAM 512 Mbit, 16M x 32, 3.3 V, 86-pin TSOP-II, -40 to +85 C","706-1417-5-ND","https://www.digikey.com/en/products/detail/issi-integrated-silicon-solution-inc/IS42S32160F-7TLI/5319838","Sourced candidate; CMS-010 qualification pending; footprint deferred","2026-09-08 DigiKey 440; USD 17.04/1, 15.812/10; max 108 per 30 days, no backorders",""
"U15","1","S28HL01GTFPBHI030","","","","","https://www.mouser.com/datasheet/3/70/1/8HS01GT_S28HL512T_S28HL01GT_512MB_1GB_SEMPER_TM_FLASH_OCTAL_INTERFACE_1_8V_3-DataSheet-v68_00-EN.pdf","Infineon Technologies","S28HL01GTFPBHI030","","","CMS-011; 128MiB 3V Octal NOR; Infineon 002-18216 revision AB Fig1/Table7; 125MHz DDR target pending timing, power and SI qualification","128MiB 3V Octal NOR, -40..85C, BGA24 8x8mm; Infineon 002-18216 revision AB Fig1/Table7; CMS-011.","448-S28HL01GTFPBHI030-ND","https://www.digikey.com/en/products/detail/infineon-technologies/S28HL01GTFPBHI030/15903885","Sourced candidate; CMS-011 electrical qualification pending; footprint deferred","2026-09-08 DigiKey 2553; USD 22.21/1, 20.586/10, 18.9691/100",""
"U16","1","74LVC1G17GW,125","","","","","https://assets.nexperia.com/documents/data-sheet/74LVC1G17.pdf","Nexperia USA Inc.","74LVC1G17GW,125","","","PWR-006: SYS_AON raw-powered EN buffer with partial-power-down Ioff. Separate held-domain Q3 clamp covers undefined sub-1.65V supply behavior. Full EN calculations: design/main_regulator_tps63806.md.","Raw SYS_AON powered non-inverting Schmitt buffer for TPS63806 EN on RUN_U13; PWR-006.","1727-4117-1-ND","https://www.digikey.com/en/products/detail/nexperia-usa-inc/74LVC1G17GW-125/1965408","Active; stock snapshot unreserved; recheck before purchase","2026-09-08: DigiKey 44256 in stock; USD 0.10/0.061/0.0443 at 1/10/100; unreserved",""
"U17","1","TPS22950CDDCR","","","","","https://www.ti.com/lit/ds/symlink/tps22950.pdf","Texas Instruments","TPS22950CDDCR","","","Supervised VDD_SD island; ILIM 2.21k gives table 0.38/0.50/0.62 A min/typ/max under stated conditions. Keep external 330R discharge and G30 undervoltage monitor. See ../design/microsd_power_interface.md.","TI TPS22950CDDCR; 1.8..5.5 V current-limited load switch, reverse blocking and QOD. DDC6: ON1 VIN2 GND3 ILIM4 VOUT5 FLT6. FLT reports thermal/reverse faults, not current limiting alone.","296-TPS22950CDDCRCT-ND","https://www.digikey.com/en/products/detail/texas-instruments/TPS22950CDDCR/18187757","Sourced candidate; rail budget, transient and sequencing qualification pending; footprint qualification deferred.","2026-09-12: DigiKey Active, 7,698 in stock; USD 0.87 / 0.620 / 0.4898 at qty 1 / 10 / 100; 9-week lead. Unreserved; recheck before purchase.",""
"U18","1","TPS3808G30DBVR","","","","","https://www.ti.com/lit/ds/symlink/tps3808.pdf","Texas Instruments","TPS3808G30DBVR","","","SD power contract: 2.79 V nominal threshold, CT open 12..28 ms; main-powered VDD and card-side SENSE, MR on SD_PWR_ON. See ../design/microsd_power_interface.md.","TI TPS3808G30DBVR; 2.79 V supervisor; open-drain active-low RESET output; active-low MR input; CT-open 12..28 ms delay. SBVS050N; microSD power contract.","296-17194-1-ND","https://www.digikey.com/en/products/detail/texas-instruments/TPS3808G30DBVR/666724","Selected for supervised microSD power; pin mapping checked; startup, collapse and interface qualification pending; footprint deferred.","2026-09-12: DigiKey Active, 11,592 in stock; USD 1.84 / 1.355 / 1.0984 at qty 1 / 10 / 100; 16-week lead. Unreserved; recheck before purchase.",""
"U19,U20","2","SN74LVC1G97DBVR","","","","","https://www.ti.com/lit/ds/symlink/sn74lvc1g97.pdf","Texas Instruments","SN74LVC1G97DBVR","","","AND configuration: IN1 grounded, IN0 request, IN2 qualifier. SD power qualifier MCU_RESET_N; bus qualifier SD_READY. Main-powered VCC. See ../design/microsd_power_interface.md.","TI SN74LVC1G97DBVR; configurable single gate, 1.65..5.5 V. DBV6: IN1=1 GND=2 IN0=3 Y=4 VCC=5 IN2=6. IN1 low gives Y=IN0 AND IN2. SCES416N.","296-15581-1-ND","https://www.digikey.com/en/products/detail/texas-instruments/SN74LVC1G97DBVR/571196","Selected for microSD power and bus qualification gates; low-state load budget checked; startup and rail-collapse qualification pending; footprint deferred.","2026-09-12: DigiKey Active, 26,850 in stock; USD 0.23 / 0.160 / 0.1213 at qty 1 / 10 / 100; 9-week lead. Unreserved; recheck before purchase.",""
"U21,U22","2","TMUX1511RSVR","","","","","https://www.ti.com/lit/ds/symlink/tmux1511.pdf","Texas Instruments","TMUX1511RSVR","","","Two devices isolate six 3.3 V SDHI1_B lines; SEL high closes each channel. Main-powered VDD, SD_READY-qualified control. See ../design/microsd_power_interface.md.","TI TMUX1511RSVR; four independent normally-open SPST bilateral switches, 1.5..5.5 V supply, powered-off protection. RSV16 mapping, four switch units plus power/NC unit. SCDS390B.","296-53443-1-ND","https://www.digikey.com/en/products/detail/texas-instruments/TMUX1511RSVR/9954161","Selected for microSD bus isolation; powered-off leakage, rail-collapse behavior and 50 MHz signal integrity qualification pending; footprint deferred.","2026-09-12: DigiKey Active, 110,392 in stock; USD 0.68 / 0.485 / 0.3805 at qty 1 / 10 / 100; 9-week lead. Unreserved; recheck before purchase.",""
"U23","1","LT3042IMSE#PBF","","","","Package_SO:MSOP-10-1EP_3x3mm_P0.5mm_EP1.68x1.88mm","https://www.analog.com/media/en/technical-documentation/data-sheets/lt3042.pdf","Analog Devices","LT3042IMSE#PBF","584-LT3042IMSE#PBF","","CMS-013: adjustable MIPI 1.8V supply; 200mA I-grade MSOP. ADI Rev C pin map and reverse-output protection. SET ramp model, effective capacitance and rail sequencing require qualification.","200mA, Adjustable, Ultralow Noise, Ultrahigh PSRR RF Linear Regulator, MSOP-10","","","","2026-09-12 Mouser: 10189 stock, 23wk, USD8.29/6.42/5.43 at qty1/10/100, tube. DigiKey: Active, zero stock, 19wk. Unreserved; recheck before purchase.","https://www.mouser.com/en/ProductDetail/Analog-Devices/LT3042IMSEPBF?qs=oahfZPh6IAKNLbWsEo0jgA%3D%3D"
"U24","1","SN74LVC1G97DBVR","","","","","https://www.ti.com/lit/ds/symlink/sn74lvc1g97.pdf","Texas Instruments","SN74LVC1G97DBVR","","","Camera PWUP qualification: IN1=GND, IN0=CAM_PWR_REQ, IN2=MCU_RESET_N implements AND; main-powered VCC with C112 100n bypass. VOL <=0.1V at 100uA supports LP5907 EN low; VOH >=2.4V at 16mA at 3V test point. Continuous-supply, off-state and rail-collapse behavior require qualification. See ../design/camera_storage_interfaces.md.","TI SN74LVC1G97DBVR; configurable single gate, 1.65..5.5 V. DBV6: IN1=1 GND=2 IN0=3 Y=4 VCC=5 IN2=6. IN1 low gives Y=IN0 AND IN2. SCES416N.","296-15581-1-ND","https://www.digikey.com/en/products/detail/texas-instruments/SN74LVC1G97DBVR/571196","Selected for reset-qualified Pcam PWUP; startup and rail-collapse qualification pending; footprint and assembly qualification deferred.","2026-09-12: DigiKey Active, 26,850 in stock; USD 0.23 / 0.160 / 0.1213 at qty 1 / 10 / 100; 9-week lead. Unreserved; recheck before purchase.",""
"U25","1","TXU0102DCUR","","","","","https://www.ti.com/lit/ds/symlink/txu0102.pdf","Texas Instruments","TXU0102DCUR","","","","TI TXU0102DCUR; two-channel fixed A-to-B voltage translator with active-high OE, 1.1..5.5 V supplies, VSSOP-8 DCU. Pins 1=B2Y, 2=GND, 3=VCCA, 4=A2, 5=A1, 6=OE, 7=VCCB, 8=B1Y. SCES941A.","296-TXU0102DCURCT-ND","https://www.digikey.com/en/products/detail/texas-instruments/TXU0102DCUR/16341507","Selected for radio-to-host handshake isolation; installed leakage, GPIO4 strap loading and rail sequencing qualification open; footprint deferred.","2026-09-13 DigiKey: Active; 26,218 in stock; standard lead time 9 weeks; USD 1.14/1, 0.823/10, 0.6559/100 (cut tape). See DigiKey_URL; availability and prices can change.",""
"Y1","1","24MHz","","","","","https://pim.murata.com/asset/pim4/ceramicResonatorCrystalUnit/SPEC_XRCGB24M000F3M19R0_PDF_CERAMICRESONATORCRYSTALUNIT","Murata Electronics","XRCGB24M000F3M19R0","","","Murata JGC49-3003B: 24MHz, CL6pF, ESR<=100 ohm, drive<=300uW; RA8P1 Group10 reference ESR ceiling210 ohm, not board validation. Terminals1/3; linked spare pads2/4 NC.","24MHz crystal, CL 6pF, ESR 100 ohm max, 300uW max; terminals 1/3; spare pads 2/4 NC","490-18296-1-ND","https://www.digikey.com/en/products/detail/murata-electronics/XRCGB24M000F3M19R0/9959758","Selected for schematic - board oscillator matching required","2026-09-05 indexed: stock 13578; Active; USD CT 1:0.32 / 10:0.275 / 100:0.239; 17wk lead; recheck before order",""
"Y2","1","32.768kHz","","","","","https://abracon.com/Resonators/ABS07-LR.pdf","Abracon","ABS07-LR-32.768KHZ-6-1-T","","","CL6pF +/-10ppm; ESR50kohm max at25C; drive0.5uW max; CLK-002","Abracon ABS07-LR-32.768KHZ-6-1-T; CL 6pF; +/-10ppm; ESR 50kohm max at 25C; drive 0.5uW max; CLK-002","535-12943-1-ND","https://www.digikey.com/en/products/detail/abracon-llc/ABS07-LR-32-768KHZ-6-1-T/5231514","Selected for initial matching - board qualification required","2026-09-05 indexed stock 3049; Active; 20wk; USD1:1.50,10:1.303,100:1.1322; recheck before order",""
